ActBal_Total_Asset,ActBal_Total_Liability,ActBal_Total,Age,Count_Total_Asset,Count_Total_Liability,Debt_To_Balance,Inflow_Outflow_Ratio,TransactionsDebCashless_Card,VolumeDeb_PaymentOrder,Sale_CC
1333.8028571428572,0.0,1333.8028571428572,51.0,1.0,1.0,0.0,0.8876958650570201,12.0,247.60714285714286,0.0
13436.958928571428,0.0,13436.958928571428,43.0,2.0,-1.0,0.0,1.832430404485227,2.0,35.714285714285715,0.0
4.297142857142857,1982.0710714285713,-1977.7739285714283,24.0,1.0,1.0,-1.0021727174158979,1.1486313005761561,0.0,0.0,0.0
0.0,326.9692857142857,-326.9692857142857,64.0,1.0,1.0,-1.0000000030583913,0.9914099077964493,1.0,0.0,0.0
359.67214285714283,3458.2957142857144,-3098.6235714285717,66.0,2.0,1.0,-1.1160748105351164,0.9742947935651449,17.0,312.5357142857143,0.0
13611.926428571429,17115.45642857143,-3503.5300000000007,38.0,3.0,2.0,-4.885203333054556,1.8269615451632997,25.0,383.5357142857143,0.0
1.5453571428571429,0.0,1.5453571428571429,26.0,1.0,-1.0,0.0,2.280257401120674,1.0,0.0,0.0
338.77642857142854,0.0,338.77642857142854,64.0,1.0,-1.0,0.0,0.2618679374166484,7.0,4023.7678571428573,0.0
20496.534642857143,0.0,20496.534642857143,27.0,2.0,-1.0,0.0,2.04407902302674,1.0,103.57142857142857,1.0
173934.60535714286,0.0,173934.60535714286,24.0,2.0,-1.0,0.0,0.810536574115888,14.0,64.28571428571429,1.0
2492.1467857142857,0.0,2492.1467857142857,54.0,1.0,-1.0,0.0,0.67559471134519,12.0,1273.107142857143,1.0
62932.520000000004,0.0,62932.520000000004,27.0,2.0,1.0,0.0,1.0085435999221442,0.0,16.178571428571427,0.0
1649.98,0.0,1649.98,62.0,1.0,1.0,0.0,24.68637809317491,0.0,0.0,0.0
373.3542857142857,0.0,373.3542857142857,60.0,1.0,1.0,0.0,0.5178375077641556,0.0,89.28571428571429,1.0
2336.8507142857143,1293.1025,1043.7482142857143,59.0,1.0,2.0,1.2389027172094638,0.43485832167864336,22.0,843.8278571428572,0.0
18635.575357142858,0.0,18635.575357142858,71.0,1.0,-1.0,0.0,1.1489822265063527,4.0,436.42857142857144,1.0
1531.8675,728.6689285714285,803.1985714285715,48.0,3.0,2.0,0.9072089438209616,2.233197717070272,33.0,5775.094285714286,0.0
14.863214285714287,0.0,14.863214285714287,66.0,1.0,1.0,0.0,5.6775170244199486e-05,9.0,245.78571428571428,0.0
5671.467857142858,0.0,5671.467857142858,49.0,3.0,-1.0,0.0,7155630357.142858,0.0,0.0,0.0
3869.186785714286,0.0,3869.186785714286,30.0,2.0,-1.0,0.0,1.3546958693545879,16.0,238.92857142857142,1.0
14306.995357142858,0.0,14306.995357142858,27.0,2.0,-1.0,0.0,1.0315125499064388,12.0,427.7142857142857,0.0
871.7367857142857,0.0,871.7367857142857,27.0,1.0,-1.0,0.0,5.9405937300264866e-05,0.0,18.035714285714285,0.0
875.3714285714286,0.0,875.3714285714286,23.0,4.0,-1.0,0.0,1.176614397429426,1.0,296.07142857142856,0.0
26315.770357142854,0.0,26315.770357142854,65.0,1.0,1.0,0.0,0.9947384768280623,10.0,551.6428571428571,1.0
186.8460714285714,0.0,186.8460714285714,35.0,1.0,-1.0,0.0,0.0005416584582266656,0.0,0.0,1.0
38757.89464285714,0.0,38757.89464285714,63.0,2.0,-1.0,0.0,1.7430521178372704,0.0,0.0,1.0
6023.434285714286,0.0,6023.434285714286,45.0,3.0,-1.0,0.0,0.5754390531804527,9.0,591.8571428571429,1.0
2159.2817857142854,0.0,2159.2817857142854,45.0,4.0,-1.0,0.0,0.014923588424169285,2.0,1053.375,0.0
62140.076785714286,0.0,62140.076785714286,64.0,3.0,1.0,0.0,1.1699617973424088,0.0,128.67857142857142,1.0
4.145357142857143,0.0,4.145357142857143,46.0,2.0,-1.0,0.0,3.721441782544639,0.0,108.67857142857143,1.0
169.5635714285714,0.0,169.5635714285714,33.0,1.0,-1.0,0.0,0.0,0.0,0.0,0.0
960.5725,0.4642857142857143,960.1082142857143,43.0,1.0,1.0,0.00048357644158637846,1.3605264583567596,0.0,0.0,0.0
90865.86428571428,929.4707142857143,89936.39357142858,64.0,4.0,2.0,0.010334756346852875,0.8007671522709046,21.0,3241.5910714285715,0.0
3490.8085714285717,0.0,3490.8085714285717,54.0,2.0,-1.0,0.0,2.0415803754181874,7.0,0.0,0.0
3056.9528571428573,0.0,3056.9528571428573,45.0,3.0,-1.0,0.0,0.0,0.0,0.0,0.0
3891.1160714285716,0.0,3891.1160714285716,20.0,1.0,-1.0,0.0,181.44208944766356,0.0,0.0,0.0
220.45892857142857,0.0,220.45892857142857,67.0,1.0,-1.0,0.0,1.005637792944231,9.0,85.82142857142857,0.0
4206.1728571428575,671.9992857142857,3534.173571428572,62.0,3.0,1.0,0.19014326035280413,0.17792203884696012,14.0,0.0,0.0
4714.448214285714,0.0,4714.448214285714,54.0,1.0,1.0,0.0,1.0724294714252922,3.0,10.714285714285714,1.0
1909.81,0.0,1909.81,41.0,1.0,-1.0,0.0,3.895833893921783,10.0,653.7003571428571,0.0
53.59607142857143,0.0,53.59607142857143,43.0,1.0,1.0,0.0,0.9002665215342972,0.0,120.32142857142857,0.0
1377.3742857142859,0.0,1377.3742857142859,47.0,1.0,-1.0,0.0,0.3416238563177064,0.0,880.1071428571429,0.0
53771.801785714284,0.0,53771.801785714284,87.0,3.0,1.0,0.0,1.21838322912888,0.0,304.51642857142855,1.0
13688.566785714283,0.0,13688.566785714283,59.0,5.0,-1.0,0.0,0.9851131581738496,6.0,266.5357142857143,0.0
178.30857142857144,4334.251428571429,-4155.942857142857,66.0,1.0,3.0,-1.042904481269519,0.49922770937640787,1.0,0.0,0.0
3684.7542857142857,0.0,3684.7542857142857,24.0,1.0,-1.0,0.0,1.584911270987449,47.0,683.6071428571429,0.0
6013.48,0.0,6013.48,41.0,4.0,-1.0,0.0,50348571.428571425,0.0,0.0,0.0
5860.190714285714,0.0,5860.190714285714,86.0,1.0,-1.0,0.0,0.02157894100831212,0.0,0.0,0.0
45937.69821428571,0.0,45937.69821428571,20.0,2.0,-1.0,0.0,1.1304014659336836,0.0,525.2857142857143,0.0
90815.73714285715,0.0,90815.73714285715,43.0,6.0,-1.0,0.0,2.5314947523196043,0.0,224.39285714285714,1.0
364.4975,0.0,364.4975,25.0,1.0,1.0,0.0,1.6340659204770283,1.0,29.214285714285715,0.0
34.32214285714286,0.0,34.32214285714286,36.0,1.0,-1.0,0.0,8.576615394926252,0.0,203.67857142857142,0.0
1862.0175000000002,0.0,1862.0175000000002,45.0,4.0,-1.0,0.0,0.00010526312686981523,0.0,0.0,0.0
7153.650000000001,0.0,7153.650000000001,21.0,1.0,-1.0,0.0,1.1590693645097208,6.0,0.0,0.0
649.5714285714286,0.0,649.5714285714286,20.0,1.0,-1.0,0.0,1.3570407391336952,1.0,35.82142857142857,0.0
2728.945714285714,0.0,2728.945714285714,59.0,1.0,-1.0,0.0,0.9723006585734316,15.0,5577.774285714286,0.0
3664.6892857142857,24.49285714285714,3640.1964285714284,31.0,3.0,2.0,0.006728443812506228,1.0227256587089109,0.0,220.32142857142858,1.0
3662.217857142857,2812.0667857142857,850.1510714285714,35.0,1.0,2.0,3.3077259759035966,0.7901903370440229,0.0,60.392857142857146,0.0
16385.65535714286,0.0,16385.65535714286,30.0,3.0,-1.0,0.0,3.975508054590865,0.0,108.57142857142857,1.0
48.771071428571425,114.14,-65.36892857142857,20.0,1.0,1.0,-1.7460895296971075,0.9799327635509097,38.0,202.24964285714285,0.0
42.99071428571428,0.0,42.99071428571428,80.0,1.0,-1.0,0.0,0.0016086978141480067,0.0,0.0,1.0
112.35000000000001,0.0,112.35000000000001,48.0,2.0,-1.0,0.0,2.329592490205583,0.0,316.9642857142857,0.0
23.330714285714286,0.0,23.330714285714286,26.0,1.0,-1.0,0.0,13214.285714285716,0.0,0.0,0.0
816.8389285714286,0.0,816.8389285714286,39.0,3.0,1.0,0.0,2.5251994728628517,2.0,430.5,0.0
204.46142857142857,0.0,204.46142857142857,73.0,1.0,-1.0,0.0,0.706670578679751,13.0,0.0,0.0
50.78071428571428,17300.489642857145,-17249.708928571432,43.0,1.0,2.0,-1.0029438592557667,1.040862013518228,2.0,0.0,0.0
35.714285714285715,1068.2096428571429,-1032.495357142857,26.0,1.0,1.0,-1.0345902637738784,1.3829276982444012,6.0,132.14285714285714,0.0
637.8357142857143,0.0,637.8357142857143,47.0,1.0,-1.0,0.0,0.717574558218321,1.0,0.0,0.0
30275.505357142858,0.0,30275.505357142858,43.0,3.0,-1.0,0.0,1.914524962823314,26.0,266.2142857142857,0.0
161.36607142857144,0.0,161.36607142857144,32.0,3.0,-1.0,0.0,1.4575145025336982,9.0,456.92857142857144,0.0
1392.7667857142858,0.0,1392.7667857142858,39.0,1.0,-1.0,0.0,0.9938301322623586,0.0,861.7860714285714,1.0
8883.968214285715,0.0,8883.968214285715,22.0,2.0,-1.0,0.0,0.8464576878598853,1.0,0.0,0.0
2893.112857142857,676.7528571428572,2216.3599999999997,25.0,1.0,1.0,0.3053442837975388,0.616575330641021,0.0,52.142857142857146,1.0
1103.6585714285713,0.0,1103.6585714285713,42.0,1.0,-1.0,0.0,1.0395721017616493,0.0,343.0357142857143,0.0
12.750357142857142,681.5203571428572,-668.77,60.0,1.0,1.0,-1.019065385950211,0.981662854286147,11.0,496.0357142857143,0.0
898.485,0.0,898.485,47.0,1.0,-1.0,0.0,0.954478668538322,0.0,22.142857142857142,1.0
1338.5735714285713,0.0,1338.5735714285713,50.0,2.0,-1.0,0.0,68401428.57142857,0.0,0.0,0.0
2809.1978571428567,7237.215357142857,-4428.0175,32.0,1.0,1.0,-1.634414353325675,1.3092694758415544,0.0,0.0,0.0
564.9810714285715,0.0,564.9810714285715,33.0,1.0,-1.0,0.0,4.129356941750927,0.0,95.10714285714286,0.0
185.72214285714287,0.0,185.72214285714287,63.0,4.0,-1.0,0.0,0.8871626305966531,6.0,67.42857142857143,1.0
1653.9632142857142,940.5742857142858,713.3889285714284,74.0,1.0,2.0,1.3184593238352325,0.8706124312926176,3.0,25.714285714285715,0.0
1511.6839285714286,0.0,1511.6839285714286,27.0,1.0,-1.0,0.0,0.9810173136082561,0.0,725.9285714285714,0.0
0.0,853.2671428571429,-853.2671428571429,66.0,1.0,1.0,-1.0000000011719659,1.0876616721679422,26.0,15311.785714285714,0.0
125.5625,0.0,125.5625,25.0,1.0,-1.0,0.0,2.639281237170161,1.0,185.71428571428572,0.0
5692.812857142857,0.0,5692.812857142857,45.0,2.0,-1.0,0.0,2.5409127923486854,0.0,2366.0375,0.0
574.6835714285714,0.0,574.6835714285714,54.0,1.0,-1.0,0.0,1.0097087693288762,0.0,0.0,0.0
16636.861071428575,0.0,16636.861071428575,54.0,3.0,-1.0,0.0,0.39317809051429564,0.0,1012.6785714285714,0.0
3970.2717857142857,0.0,3970.2717857142857,25.0,1.0,-1.0,0.0,0.9511382401674726,6.0,343.32142857142856,0.0
1577.5682142857145,0.0,1577.5682142857145,33.0,1.0,-1.0,0.0,0.22864525939928146,1.0,2329.5257142857145,0.0
3314.279642857143,0.0,3314.279642857143,41.0,1.0,-1.0,0.0,1.5587890670918134,7.0,657.8214285714286,0.0
1.9646428571428571,0.0,1.9646428571428571,51.0,1.0,-1.0,0.0,1.313173885127662,0.0,202.21428571428572,0.0
6088.517142857143,0.0,6088.517142857143,60.0,3.0,-1.0,0.0,1.5977977937249779,2.0,205.74642857142857,0.0
3446.8114285714287,0.0,3446.8114285714287,73.0,1.0,-1.0,0.0,1.3647702693430521,8.0,37.035714285714285,0.0
4112.732857142857,0.0,4112.732857142857,22.0,1.0,-1.0,0.0,0.8831806927001614,27.0,178.14285714285714,1.0
4191.315714285714,28.97142857142857,4162.344285714285,56.0,4.0,1.0,0.006960363337531201,6.109662358987012,0.0,15.857142857142858,0.0
3913.7982142857145,0.0,3913.7982142857145,23.0,1.0,-1.0,0.0,0.010727267266118484,0.0,0.0,0.0
3515.7771428571427,0.0,3515.7771428571427,22.0,1.0,-1.0,0.0,2.987258716470645,0.0,178.57142857142858,0.0
86.7207142857143,0.0,86.7207142857143,20.0,2.0,-1.0,0.0,0.006711097642433838,0.0,1414.7142857142858,0.0
11.684642857142858,0.0,11.684642857142858,20.0,1.0,-1.0,0.0,2.0574695682982744,2.0,539.6071428571429,0.0
585.8196428571429,0.0,585.8196428571429,71.0,2.0,-1.0,0.0,27.042095250182438,0.0,11.785714285714286,0.0
443.98857142857145,0.0,443.98857142857145,64.0,1.0,-1.0,0.0,0.6300650532974276,32.0,158.8567857142857,0.0
160.90321428571428,0.0,160.90321428571428,30.0,1.0,-1.0,0.0,7.312158710476309e-05,2.0,0.0,1.0
5733.328214285714,0.0,5733.328214285714,24.0,1.0,-1.0,0.0,1.4245468369044747,3.0,358.9642857142857,0.0
981.5882142857143,8742.690357142857,-7761.102142857143,40.0,1.0,2.0,-1.1264753635945361,1.0181174347768105,4.0,239.5,0.0
1380.3685714285714,0.0,1380.3685714285714,55.0,5.0,-1.0,0.0,2.008121624577096,6.0,302.9596428571429,0.0
9910.219642857142,157.9267857142857,9752.292857142857,50.0,2.0,1.0,0.016193810831103356,1.4311406020843367,2.0,198.96428571428572,0.0
1047.5860714285714,0.0,1047.5860714285714,59.0,1.0,-1.0,0.0,1.0032857939029451,5.0,790.035,0.0
13156.7175,0.0,13156.7175,61.0,5.0,-1.0,0.0,20700000.0,0.0,0.0,0.0
249.10607142857145,0.0,249.10607142857145,64.0,2.0,-1.0,0.0,0.6119805285010304,0.0,1472.2142857142858,0.0
239.06392857142856,0.0,239.06392857142856,27.0,1.0,-1.0,0.0,0.1719564804586609,0.0,0.0,1.0
5826.981428571429,0.0,5826.981428571429,65.0,1.0,-1.0,0.0,0.7804217416978516,1.0,4232.285714285715,0.0
3991.9914285714285,0.0,3991.9914285714285,54.0,2.0,-1.0,0.0,0.9574311186759226,3.0,183.60714285714286,0.0
42.95142857142857,254.98964285714285,-212.03821428571428,61.0,1.0,2.0,-1.2025645703472938,0.7546132609666771,2.0,966.9642857142857,0.0
10.772857142857143,0.0,10.772857142857143,57.0,1.0,-1.0,0.0,0.9050702852980316,0.0,0.0,1.0
0.6821428571428572,0.0,0.6821428571428572,41.0,1.0,-1.0,0.0,0.8792223298913759,0.0,38.57142857142857,0.0
3234.503214285714,29.37607142857143,3205.1271428571426,19.0,1.0,1.0,0.009165337320509356,0.8711899476637157,1.0,693.8207142857143,0.0
1.04,0.0,1.04,40.0,1.0,-1.0,0.0,0.0,0.0,0.0,0.0
6833.382857142858,0.0,6833.382857142858,70.0,1.0,-1.0,0.0,1.019166321129911,0.0,172.82142857142858,0.0
62727.838571428576,1687.6132142857143,61040.22535714286,55.0,4.0,3.0,0.02764755871040676,0.7409515815196428,27.0,926.9814285714285,0.0
226.81428571428572,386.6507142857143,-159.83642857142857,23.0,1.0,1.0,-2.419040015849489,1.4251114246014107,2.0,17.857142857142858,0.0
2462.121785714286,0.0,2462.121785714286,47.0,1.0,-1.0,0.0,1.0369244164722302,0.0,324.60714285714283,0.0
12891.626785714285,0.0,12891.626785714285,32.0,1.0,-1.0,0.0,0.9313728621008662,1.0,378.82142857142856,0.0
121.69535714285713,1280.5314285714285,-1158.8360714285714,40.0,1.0,2.0,-1.1050151624102025,0.9361658621896011,2.0,216.85714285714286,0.0
406379.64892857143,0.0,406379.64892857143,70.0,5.0,-1.0,0.0,0.8282068561823027,0.0,25498.309285714287,1.0
252.36035714285714,293.5996428571429,-41.23928571428576,51.0,1.0,2.0,-7.119416471242447,1.4694591870090474,0.0,275.67857142857144,0.0
1442.284642857143,0.0,1442.284642857143,42.0,1.0,1.0,0.0,0.8617377177618334,0.0,252.14285714285714,0.0
0.0,0.0,0.0,70.0,1.0,-1.0,0.0,1.0796218547791863,1.0,757.1428571428571,0.0
74934.95607142858,0.0,74934.95607142858,40.0,1.0,1.0,0.0,0.9669363979899747,2.0,1267.0714285714287,1.0
856.344642857143,418.78749999999997,437.557142857143,54.0,1.0,1.0,0.957103559796361,1.0751956749977356,0.0,406.0,1.0
561.1032142857142,0.0,561.1032142857142,37.0,1.0,-1.0,0.0,0.8451823870621308,3.0,21.428571428571427,1.0
563.4078571428571,0.0,563.4078571428571,24.0,1.0,-1.0,0.0,0.839551331135012,2.0,68.42857142857143,0.0
170.8567857142857,0.0,170.8567857142857,30.0,1.0,-1.0,0.0,285759285.71428573,0.0,0.0,0.0
708.8621428571429,0.0,708.8621428571429,45.0,1.0,-1.0,0.0,7.983339079567252e-05,0.0,173.60714285714286,0.0
5.642857142857143,0.0,5.642857142857143,41.0,1.0,-1.0,0.0,0.6716047394509268,5.0,292.60714285714283,0.0
284.3885714285714,0.0,284.3885714285714,26.0,1.0,-1.0,0.0,0.5395499555032907,9.0,0.0,0.0
1041.1778571428572,0.0,1041.1778571428572,55.0,2.0,1.0,0.0,3.393110606336863,3.0,410.57142857142856,0.0
776.5903571428571,0.0,776.5903571428571,27.0,1.0,-1.0,0.0,1.2840322377445121,9.0,47.98607142857143,1.0
1776.572857142857,0.0,1776.572857142857,25.0,2.0,-1.0,0.0,1.3514071337373565,10.0,1041.0514285714285,0.0
536.9514285714286,0.0,536.9514285714286,31.0,1.0,-1.0,0.0,1.541052067710204,17.0,0.0,0.0
6432.599999999999,0.0,6432.599999999999,67.0,2.0,-1.0,0.0,0.9008747028356471,0.0,1139.4321428571427,0.0
8378.591785714285,0.0,8378.591785714285,45.0,2.0,-1.0,0.0,0.4105811722342269,1.0,190.60714285714286,1.0
64.68964285714286,779.2857142857143,-714.5960714285715,37.0,1.0,2.0,-1.0905261679067813,0.8673474881593937,0.0,535.8571428571429,0.0
1049.0621428571428,0.0,1049.0621428571428,34.0,1.0,1.0,0.0,1.032514520263553,0.0,0.0,0.0
572.1632142857143,0.0,572.1632142857143,29.0,1.0,1.0,0.0,2.4387114009647823,7.0,0.0,0.0
26685.8375,0.0,26685.8375,30.0,4.0,-1.0,0.0,13.117417236269056,0.0,60.57142857142857,0.0
2614.3335714285713,0.0,2614.3335714285713,38.0,1.0,-1.0,0.0,1.9211685995086625,1.0,417.42857142857144,0.0
4483.517142857143,0.0,4483.517142857143,48.0,1.0,-1.0,0.0,0.8089174973672233,0.0,1071.4285714285713,0.0
44549.36714285715,0.0,44549.36714285715,66.0,4.0,-1.0,0.0,0.9916417573366083,0.0,231.0,0.0
11936.224285714286,984.7853571428572,10951.43892857143,39.0,2.0,1.0,0.08992291912286593,0.4474304218381347,0.0,268.7142857142857,0.0
8217.413928571428,0.0,8217.413928571428,24.0,4.0,-1.0,0.0,3.1634968228994502,0.0,120.41250000000001,1.0
716.3985714285715,0.0,716.3985714285715,61.0,1.0,-1.0,0.0,0.9812879260823852,0.0,141.53571428571428,0.0
5221.425714285715,0.0,5221.425714285715,73.0,1.0,-1.0,0.0,0.9674921193480926,0.0,417.42857142857144,1.0
423.3692857142857,0.0,423.3692857142857,26.0,1.0,1.0,0.0,0.6068038592237883,0.0,3.5714285714285716,1.0
272.3232142857143,0.0,272.3232142857143,36.0,2.0,-1.0,0.0,0.778101460547065,0.0,240.67857142857142,0.0
937.21,0.0,937.21,22.0,3.0,1.0,0.0,1.786352259732429e-05,0.0,0.0,0.0
0.0,0.0,0.0,23.0,1.0,-1.0,0.0,0.00018181808925624547,0.0,0.0,0.0
27156.871785714284,0.0,27156.871785714284,30.0,2.0,-1.0,0.0,1.951219705309129,3.0,385.2857142857143,0.0
7496.5596428571425,0.0,7496.5596428571425,50.0,2.0,1.0,0.0,0.9888764835567164,0.0,319.07142857142856,1.0
2505.5635714285713,0.0,2505.5635714285713,66.0,1.0,-1.0,0.0,0.9933048905583849,9.0,597.5714285714286,1.0
89.44571428571429,0.0,89.44571428571429,76.0,1.0,-1.0,0.0,0.9835511544161757,1.0,0.0,1.0
1681.3917857142858,0.0,1681.3917857142858,32.0,1.0,-1.0,0.0,1.1475044140945763,20.0,296.96464285714285,0.0
3661.9582142857143,0.0,3661.9582142857143,32.0,1.0,-1.0,0.0,0.8844219469865621,4.0,348.92857142857144,0.0
132.98142857142858,0.0,132.98142857142858,66.0,1.0,-1.0,0.0,0.42353663137882486,12.0,3791.535714285714,0.0
805.28,0.0,805.28,72.0,2.0,-1.0,0.0,0.8938736976623427,0.0,768.5714285714286,1.0
1602.5182142857143,0.0,1602.5182142857143,36.0,1.0,-1.0,0.0,0.8318164998897565,7.0,2187.75,0.0
18847.616785714286,0.0,18847.616785714286,54.0,5.0,-1.0,0.0,1.0925045351480724,0.0,623.3214285714286,0.0
2414.488214285714,0.0,2414.488214285714,46.0,2.0,-1.0,0.0,0.7051123460488371,0.0,21.822142857142858,0.0
906.7657142857142,0.0,906.7657142857142,73.0,1.0,1.0,0.0,1.508952302152504,7.0,64.96428571428571,0.0
90.47178571428572,0.0,90.47178571428572,48.0,4.0,2.0,0.0,0.8881595184034977,3.0,1384.5885714285716,0.0
24451.294642857145,0.0,24451.294642857145,63.0,3.0,-1.0,0.0,1.8886663741611203,5.0,1000.0,0.0
3032.8325,529.9235714285714,2502.9089285714285,32.0,3.0,2.0,0.2117230735675668,0.9233154707626086,20.0,756.6785714285714,0.0
1354.99,7570.783928571429,-6215.793928571429,78.0,1.0,1.0,-1.2179914612338842,0.6774462674285093,1.0,0.0,0.0
1125.8078571428573,0.0,1125.8078571428573,52.0,2.0,-1.0,0.0,1.3129731319454412,0.0,195.39285714285714,1.0
286.4214285714286,0.0,286.4214285714286,45.0,1.0,-1.0,0.0,0.49471161685671006,1.0,103.71428571428571,0.0
0.0,0.0,0.0,45.0,1.0,-1.0,0.0,0.5614030613335766,6.0,17.857142857142858,0.0
120.73714285714286,0.0,120.73714285714286,24.0,1.0,-1.0,0.0,0.0,0.0,0.0,0.0
6.373928571428571,0.0,6.373928571428571,35.0,1.0,-1.0,0.0,709090714.2857143,0.0,0.0,1.0
36537.72892857143,136.04035714285715,36401.688571428575,40.0,4.0,1.0,0.0037371990827342293,1.7199280681466016,15.0,476.89285714285717,0.0
86.42857142857143,0.0,86.42857142857143,28.0,1.0,-1.0,0.0,0.007990402567667922,0.0,0.0,0.0
2858.0217857142857,0.0,2858.0217857142857,44.0,2.0,1.0,0.0,1.1947891669670032,8.0,1056.857142857143,0.0
3743.776428571429,0.0,3743.776428571429,38.0,1.0,-1.0,0.0,0.9183846480606102,0.0,47.924642857142864,1.0
214523.55714285714,0.0,214523.55714285714,35.0,2.0,-1.0,0.0,0.5951890965631444,5.0,303.42857142857144,0.0
7608.648571428572,0.0,7608.648571428572,73.0,3.0,1.0,0.0,0.9723058620182534,3.0,1015.1342857142856,0.0
2.415,0.0,2.415,27.0,1.0,-1.0,0.0,717.0419985968008,0.0,0.0,0.0
23516.17142857143,0.0,23516.17142857143,49.0,1.0,-1.0,0.0,0.0,0.0,0.0,1.0
157.92392857142858,0.0,157.92392857142858,50.0,1.0,-1.0,0.0,0.5097579515448404,7.0,327.7142857142857,0.0
3780.6839285714286,874.1800000000001,2906.5039285714283,47.0,2.0,1.0,0.30076683919326413,1.3375508965984202,7.0,197.78571428571428,0.0
1724.347857142857,0.0,1724.347857142857,46.0,1.0,-1.0,0.0,0.842650374190955,0.0,95.35714285714286,0.0
3723.582142857143,0.0,3723.582142857143,38.0,1.0,1.0,0.0,1.3547785835998312,4.0,100.75,0.0
44174.796428571426,0.0,44174.796428571426,45.0,2.0,1.0,0.0,4.103729841711126,10.0,259.3607142857143,0.0
248.77142857142857,468.0807142857143,-219.30928571428572,52.0,1.0,1.0,-2.1343406180706204,0.4101762346231917,6.0,1641.6785714285713,0.0
13181.954642857143,6622.200357142857,6559.754285714286,27.0,2.0,2.0,1.0095195746211172,1.034810848295056,2.0,705.5714285714286,0.0
247.51857142857142,0.0,247.51857142857142,72.0,4.0,-1.0,0.0,1.2259993758548635,0.0,0.0,0.0
10554.554642857143,0.0,10554.554642857143,42.0,2.0,-1.0,0.0,0.0003210831686691185,0.0,0.0,1.0
23956.720357142854,0.0,23956.720357142854,46.0,5.0,-1.0,0.0,7297857.142857143,0.0,0.0,0.0
4943.202857142856,0.0,4943.202857142856,71.0,3.0,-1.0,0.0,1.311455235156252,5.0,864.1071428571429,0.0
7169.007142857144,0.0,7169.007142857144,33.0,1.0,-1.0,0.0,0.9453295720133179,4.0,17.857142857142858,0.0
2664.743214285714,0.0,2664.743214285714,60.0,1.0,-1.0,0.0,0.0,0.0,0.0,1.0
564.0332142857143,0.0,564.0332142857143,21.0,1.0,1.0,0.0,37321785.71428572,0.0,0.0,0.0
368.99107142857144,0.0,368.99107142857144,77.0,1.0,-1.0,0.0,0.0005454542677687364,0.0,0.0,0.0
201.31678571428571,65.49249999999999,135.82428571428574,49.0,1.0,1.0,0.48218548820924245,1.9715555735204464,9.0,679.0357142857143,0.0
28377.73142857143,0.0,28377.73142857143,39.0,3.0,-1.0,0.0,1.4903218951627382,0.0,0.0,1.0
789.4517857142857,0.0,789.4517857142857,68.0,1.0,1.0,0.0,0.9339342094125596,8.0,21.428571428571427,1.0
140.06,617.6560714285714,-477.5960714285714,61.0,1.0,2.0,-1.2932603714145239,1.5546593731690215,0.0,470.4642857142857,0.0
611.6046428571428,0.0,611.6046428571428,38.0,1.0,-1.0,0.0,0.0,0.0,0.0,0.0
19758.84357142857,0.0,19758.84357142857,75.0,2.0,1.0,0.0,1.6489945576753076,1.0,1490.392857142857,0.0
2804.529285714286,0.0,2804.529285714286,37.0,1.0,-1.0,0.0,437.05431049917223,0.0,0.0,0.0
2418.8767857142857,0.0,2418.8767857142857,23.0,1.0,-1.0,0.0,0.989331405409691,5.0,1.0714285714285714,1.0
59854.69,0.0,59854.69,51.0,5.0,1.0,0.0,0.8699148728577828,0.0,131.25285714285715,1.0
4941.219285714285,0.0,4941.219285714285,36.0,2.0,-1.0,0.0,0.9752669348612018,0.0,57.142857142857146,0.0
357.14285714285717,0.7142857142857143,356.42857142857144,40.0,1.0,1.0,0.0020040080104095966,1.4627748802361626,0.0,1447.25,1.0
5911.607142857143,0.0,5911.607142857143,50.0,5.0,-1.0,0.0,2.6211191146875663,29.0,397.14285714285717,0.0
208.6057142857143,0.0,208.6057142857143,60.0,1.0,-1.0,0.0,0.835700348599306,0.0,103.57142857142857,0.0
102.75714285714285,0.0,102.75714285714285,49.0,1.0,1.0,0.0,0.8905807983954782,5.0,0.0,1.0
3716.5660714285714,0.0,3716.5660714285714,56.0,3.0,-1.0,0.0,0.2920512697172918,0.0,20.785714285714285,0.0
451.7967857142857,0.0,451.7967857142857,59.0,1.0,-1.0,0.0,0.0035999959680045155,0.0,0.0,0.0
3358.467857142857,0.0,3358.467857142857,29.0,1.0,-1.0,0.0,0.8362881368757371,18.0,2261.1760714285715,0.0
60.051785714285714,0.0,60.051785714285714,25.0,1.0,-1.0,0.0,0.3526125593028689,0.0,42.035714285714285,0.0
265.5810714285714,0.7142857142857143,264.8667857142857,26.0,1.0,2.0,0.002696773435229616,1.2134233234792224,0.0,433.1535714285714,0.0
5215.269642857143,0.0,5215.269642857143,32.0,1.0,-1.0,0.0,1.1098557688747486,3.0,459.32142857142856,0.0
4133.403928571428,0.0,4133.403928571428,35.0,2.0,1.0,0.0,0.7724947604630668,19.0,12473.27607142857,1.0
2883.4421428571427,0.0,2883.4421428571427,51.0,2.0,-1.0,0.0,2.086656170740513,4.0,909.5964285714286,1.0
22300.05678571429,2.357142857142857,22297.699642857147,53.0,4.0,2.0,0.0001057123781731553,1.6076105097258093,16.0,8049.535714285715,0.0
11213.786785714286,0.0,11213.786785714286,33.0,6.0,-1.0,0.0,2.081183820318068,0.0,399.07142857142856,0.0
1188.3842857142859,0.0,1188.3842857142859,57.0,1.0,-1.0,0.0,3.9936233868191495,8.0,0.0,1.0
906.5260714285714,0.0,906.5260714285714,44.0,1.0,-1.0,0.0,30.768346973316564,21.0,0.0,0.0
621.9010714285714,243.4,378.50107142857144,33.0,1.0,1.0,0.6430629071623913,0.8851184143612488,8.0,594.7142857142857,0.0
435.6671428571429,0.0,435.6671428571429,28.0,1.0,-1.0,0.0,0.5799336009874582,0.0,0.0,0.0
57822.75714285714,0.0,57822.75714285714,47.0,3.0,-1.0,0.0,1.3659207710645274,0.0,2686.0521428571433,1.0
7074.069285714286,4850.017142857143,2224.052142857143,28.0,1.0,1.0,2.1807119748756545,0.9864666633343473,17.0,280.5,0.0
594.9521428571429,0.0,594.9521428571429,27.0,3.0,-1.0,0.0,0.839577559908083,0.0,936.1785714285714,0.0
37431.37285714285,0.0,37431.37285714285,40.0,3.0,-1.0,0.0,1.8101196024768882,2.0,3435.3571428571427,0.0
1313.5132142857144,0.0,1313.5132142857144,72.0,1.0,-1.0,0.0,1.066211047169638,0.0,185.71464285714288,0.0
3779.613214285714,0.0,3779.613214285714,49.0,2.0,-1.0,0.0,0.45115588669354467,0.0,525.7839285714286,1.0
114.64285714285714,0.0,114.64285714285714,43.0,2.0,-1.0,0.0,1.8281608728346888,0.0,387.10714285714283,0.0
2469.842857142857,0.0,2469.842857142857,64.0,1.0,-1.0,0.0,0.9954087334787586,2.0,92.85714285714286,0.0
40.60071428571428,0.0,40.60071428571428,27.0,1.0,-1.0,0.0,1.0609018908395054,2.0,420.0357142857143,0.0
3.4274999999999998,0.0,3.4274999999999998,45.0,1.0,-1.0,0.0,560.1441506943555,0.0,0.0,0.0
8206.767142857143,0.0,8206.767142857143,30.0,1.0,-1.0,0.0,1.1159675143212753,8.0,89.28571428571429,1.0
0.5700000000000001,0.0,0.5700000000000001,46.0,1.0,-1.0,0.0,1.1933106108323641,2.0,203.28571428571428,0.0
0.0,1038.6967857142856,-1038.6967857142856,30.0,1.0,2.0,-1.000000000962745,0.8352427427107859,0.0,661.6785714285714,0.0
494.055,608.9953571428571,-114.94035714285707,63.0,1.0,1.0,-5.298359754392521,1.787400157987014,0.0,0.0,0.0
2.563928571428572,0.0,2.563928571428572,21.0,2.0,-1.0,0.0,0.1759998028802208,0.0,0.0,0.0
13956.804999999998,0.0,13956.804999999998,27.0,1.0,-1.0,0.0,2.1244818056569255,0.0,17.678571428571427,0.0
2418.475,0.0,2418.475,30.0,1.0,-1.0,0.0,0.4470029932344042,4.0,563.4264285714286,0.0
3029.2185714285715,0.0,3029.2185714285715,23.0,4.0,1.0,0.0,1.117874783717423,0.0,986.2767857142857,1.0
16109.628571428571,0.0,16109.628571428571,18.0,1.0,1.0,0.0,1.056667693743039,2.0,221.32142857142858,1.0
2.8578571428571427,0.0,2.8578571428571427,76.0,1.0,-1.0,0.0,0.4714311093940805,2.0,152.875,1.0
544.8296428571429,13.071428571428571,531.7582142857143,62.0,3.0,1.0,0.024581526332235936,0.014222732114357471,0.0,243.03571428571428,0.0
4474.592142857143,0.0,4474.592142857143,74.0,2.0,-1.0,0.0,0.00030096535580520733,0.0,58.07142857142857,1.0
28452.448214285716,0.0,28452.448214285716,23.0,3.0,-1.0,0.0,0.7501887763688109,2.0,2125.8214285714284,0.0
34627.25107142857,530.3564285714285,34096.894642857136,32.0,3.0,1.0,0.0155543909236021,1.1733266613819426,24.0,374.42857142857144,1.0
427.5753571428572,0.0,427.5753571428572,73.0,1.0,1.0,0.0,1.0946373014926472,5.0,335.82142857142856,0.0
570.3421428571429,104.01142857142858,466.3307142857143,23.0,1.0,1.0,0.22304219979956122,1.0053479314322922,0.0,71.85714285714286,0.0
1.7085714285714286,1.1785714285714286,0.53,27.0,1.0,1.0,2.2237154808602786,1.0007689271479823,20.0,385.25,1.0
2949.6699999999996,0.0,2949.6699999999996,55.0,2.0,-1.0,0.0,5.296252789126385,2.0,0.0,0.0
4415.646071428571,0.0,4415.646071428571,38.0,1.0,-1.0,0.0,0.957471443853062,0.0,789.9285714285714,0.0
20.607499999999998,0.0,20.607499999999998,79.0,1.0,-1.0,0.0,0.5280874348995295,8.0,79.5,0.0
12095.031071428572,0.0,12095.031071428572,58.0,1.0,-1.0,0.0,1.5000165966658923,0.0,0.0,0.0
13015.699642857144,0.0,13015.699642857144,68.0,3.0,-1.0,0.0,1.3011826108025917,6.0,944.75,1.0
12772.336785714284,0.0,12772.336785714284,32.0,4.0,-1.0,0.0,0.6541432456208901,0.0,90.25,0.0
33573.15178571428,0.0,33573.15178571428,41.0,1.0,1.0,0.0,0.08111111078338945,0.0,247.5,1.0
4426.875714285714,627.8571428571429,3799.018571428571,30.0,3.0,2.0,0.16526824780847998,2.111813914491074,9.0,82.32142857142857,1.0
869.8032142857144,0.0,869.8032142857144,36.0,1.0,-1.0,0.0,0.9905893979458641,0.0,357.14285714285717,0.0
322.1628571428571,0.0,322.1628571428571,32.0,2.0,1.0,0.0,1.484598302377741,4.0,1006.9639285714286,0.0
22.417857142857144,0.0,22.417857142857144,65.0,1.0,-1.0,0.0,2.3522671140873452,11.0,193.92857142857142,0.0
1345.2339285714286,8.868928571428572,1336.365,57.0,3.0,1.0,0.006636606439701702,1.237570932051727,2.0,104.82142857142857,0.0
1815.5228571428572,0.0,1815.5228571428572,43.0,2.0,-1.0,0.0,0.011806449480125256,0.0,0.0,0.0
17613.483928571426,0.0,17613.483928571426,67.0,2.0,-1.0,0.0,1.6785564217374823e-05,2.0,0.0,0.0
185.90321428571428,9115.112857142858,-8929.209642857144,53.0,1.0,4.0,-1.0208196719241827,1.0444011079910747,6.0,1696.0685714285714,0.0
8846.825714285715,0.4642857142857143,8846.361428571428,24.0,1.0,1.0,5.248324048051099e-05,0.4680603492970024,0.0,663.9285714285714,1.0
2161.553214285714,0.0,2161.553214285714,47.0,1.0,-1.0,0.0,0.9944906607779004,18.0,887.6071428571429,0.0
715.6910714285714,3571.4285714285716,-2855.7375,58.0,1.0,1.0,-1.2506151467630293,1.063043295252437,0.0,515.0357142857143,0.0
6676.516785714285,641.5753571428571,6034.941428571428,19.0,3.0,1.0,0.10631012158612094,0.4315706373061829,11.0,3045.464285714286,0.0
930.3110714285714,0.0,930.3110714285714,42.0,1.0,-1.0,0.0,1785.714285714286,0.0,0.0,1.0
949.6864285714286,97.91107142857143,851.7753571428572,53.0,1.0,1.0,0.1149494059584547,0.6657686958872463,32.0,174.43571428571428,0.0
47748.79928571429,0.0,47748.79928571429,30.0,5.0,-1.0,0.0,1.0938628687085994,0.0,473.49642857142857,0.0
5596.873214285714,0.0,5596.873214285714,64.0,4.0,-1.0,0.0,2.1853406218642855,0.0,161.71428571428572,0.0
950.4725,0.0,950.4725,69.0,1.0,1.0,0.0,0.8107927122995554,12.0,642.2378571428571,0.0
1175.7549999999999,0.0,1175.7549999999999,32.0,1.0,-1.0,0.0,1.1447946350069294,0.0,278.42857142857144,0.0
4870.365714285715,0.7142857142857143,4869.651428571429,49.0,3.0,1.0,0.00014668107658551187,1.3254684954611469,6.0,856.75,0.0
1329.2439285714286,0.0,1329.2439285714286,53.0,1.0,-1.0,0.0,1.2621459784098943,1.0,1225.0,0.0
6625.489642857142,0.0,6625.489642857142,50.0,2.0,-1.0,0.0,16685000.0,0.0,0.0,0.0
825.4510714285715,0.0,825.4510714285715,38.0,1.0,-1.0,0.0,0.787261714393722,15.0,171.42857142857142,0.0
27.09035714285714,0.0,27.09035714285714,77.0,1.0,-1.0,0.0,0.0,0.0,0.0,0.0
11818.403571428571,0.0,11818.403571428571,46.0,3.0,-1.0,0.0,4.964025746834077,0.0,0.0,0.0
1704.7117857142857,0.0,1704.7117857142857,52.0,1.0,-1.0,0.0,0.9628878800528391,7.0,41.67857142857143,1.0
5180.145714285714,0.0,5180.145714285714,57.0,2.0,-1.0,0.0,0.9374253114971897,2.0,525.0,1.0
35730.889285714286,0.0,35730.889285714286,31.0,4.0,-1.0,0.0,0.5023946338925657,0.0,519.75,1.0
237.47571428571428,7142.857142857143,-6905.381428571429,73.0,1.0,1.0,-1.0343899490240371,1.3989630462441474,0.0,123.5,0.0
38197.860357142854,0.0,38197.860357142854,33.0,2.0,-1.0,0.0,1.6640488018879211,0.0,329.07142857142856,1.0
50.0,0.0,50.0,63.0,1.0,-1.0,0.0,0.8265701522976685,1.0,0.0,0.0
0.0,0.0,0.0,38.0,1.0,-1.0,0.0,1.0542539022906003,4.0,1649.029642857143,0.0
663.8435714285714,0.0,663.8435714285714,29.0,1.0,-1.0,0.0,0.9038226192175772,0.0,183.46428571428572,0.0
814.4560714285715,0.0,814.4560714285715,78.0,2.0,-1.0,0.0,2.928776697098973,0.0,264.4503571428571,0.0
1525.1414285714286,0.0,1525.1414285714286,24.0,1.0,1.0,0.0,0.8182356686783174,14.0,99.60714285714286,1.0
1023.3364285714285,0.0,1023.3364285714285,63.0,1.0,-1.0,0.0,1.580936273759542,27.0,0.0,1.0
38704.91678571428,0.0,38704.91678571428,52.0,3.0,-1.0,0.0,1.6225535687988626,2.0,222.82142857142858,0.0
2663.1378571428572,0.0,2663.1378571428572,54.0,1.0,-1.0,0.0,1.0143162774179086,0.0,142.85714285714286,0.0
192.7760714285714,0.0,192.7760714285714,30.0,1.0,-1.0,0.0,1.604235177274518e-05,1.0,0.0,0.0
57.60035714285714,192.0142857142857,-134.41392857142856,64.0,1.0,1.0,-1.428529685751857,0.9895106472855356,0.0,566.6785714285714,0.0
730.9875000000001,0.0,730.9875000000001,43.0,1.0,-1.0,0.0,1.040841477504221,13.0,10.714285714285714,0.0
3274.0575,0.0,3274.0575,43.0,1.0,-1.0,0.0,0.9128714994927786,0.0,226.96428571428572,0.0
2032.232857142857,0.0,2032.232857142857,40.0,1.0,-1.0,0.0,0.7795894195398451,0.0,330.4642857142857,1.0
227.26214285714286,0.0,227.26214285714286,39.0,1.0,-1.0,0.0,1.1062426077996446,29.0,732.4285714285714,0.0
2815.486785714286,0.0,2815.486785714286,21.0,2.0,1.0,0.0,0.9253640694317721,11.0,349.94357142857143,0.0
393.41285714285715,0.0,393.41285714285715,29.0,1.0,-1.0,0.0,0.8252298539451434,12.0,645.75,0.0
6586.222857142857,0.0,6586.222857142857,58.0,1.0,-1.0,0.0,0.6276234162565225,1.0,0.0,0.0
269.36857142857144,619.2857142857143,-349.9171428571429,51.0,1.0,2.0,-1.7698067348142201,1.020223912645459,3.0,576.0,0.0
321.0285714285714,255.48535714285714,65.54321428571427,26.0,4.0,1.0,3.89796802047553,1.25251658873678,0.0,846.9285714285714,1.0
1391.6125,0.0,1391.6125,58.0,1.0,-1.0,0.0,1.3068478733424621e-05,0.0,134.25,1.0
809.9760714285715,325.6457142857143,484.33035714285717,42.0,1.0,1.0,0.6723627970263686,3.0866259853883875,0.0,0.0,1.0
1.1492857142857142,139.66214285714287,-138.51285714285714,61.0,1.0,1.0,-1.0082973288277326,1.0549169104739895,0.0,21.428571428571427,1.0
2739.5639285714283,0.0,2739.5639285714283,39.0,1.0,1.0,0.0,0.38239834134043243,9.0,502.28535714285715,0.0
1243.5057142857145,0.0,1243.5057142857145,56.0,1.0,-1.0,0.0,1.0664220866488747,4.0,228.25,0.0
3364.9467857142854,533.2189285714286,2831.727857142857,67.0,1.0,2.0,0.18830161487380065,1.0661018837033283,0.0,21.5,0.0
765.9475,0.0,765.9475,28.0,1.0,-1.0,0.0,0.665518534038713,7.0,117.35714285714286,1.0
2.0210714285714286,883.7446428571428,-881.7235714285714,58.0,1.0,1.0,-1.0022921837368928,1.5665824338132963,0.0,88.57142857142857,1.0
4781.011071428571,0.0,4781.011071428571,49.0,1.0,-1.0,0.0,0.7165289776002952,12.0,427.0,0.0
18786.980357142857,0.0,18786.980357142857,57.0,4.0,-1.0,0.0,2.5475268029351446,2.0,101.03571428571429,0.0
14811.98107142857,0.0,14811.98107142857,44.0,2.0,2.0,0.0,0.9157235092457022,24.0,362.92857142857144,0.0
445.6714285714285,0.0,445.6714285714285,57.0,1.0,-1.0,0.0,1.0712143285628588,0.0,0.005,0.0
8272.933928571429,0.0,8272.933928571429,35.0,2.0,1.0,0.0,0.682848645917378,21.0,558.6785714285714,0.0
2696.4785714285713,0.0,2696.4785714285713,30.0,2.0,-1.0,0.0,0.48992932166178704,22.0,293.57142857142856,1.0
193.17642857142854,710.7621428571429,-517.5857142857143,64.0,1.0,1.0,-1.373225969366725,1.136748164305244,0.0,215.64285714285714,0.0
170.33964285714288,0.0,170.33964285714288,39.0,2.0,1.0,0.0,1.6361483269561883,0.0,1115.2857142857142,0.0
0.0,0.0,0.0,36.0,1.0,1.0,0.0,0.5346006126593897,3.0,3.5357142857142856,1.0
1.4807142857142856,0.0,1.4807142857142856,42.0,1.0,-1.0,0.0,0.4024051681815317,3.0,975.1428571428571,0.0
4552.889642857143,482.61285714285714,4070.2767857142862,69.0,1.0,1.0,0.1185700340375241,0.772857252931365,3.0,157.0067857142857,0.0
562.2017857142857,0.0,562.2017857142857,28.0,2.0,1.0,0.0,1.5169942049083607,18.0,95.21428571428571,0.0
23269.114642857145,0.0,23269.114642857145,22.0,2.0,-1.0,0.0,0.6531612784467582,27.0,686.1607142857143,0.0
37965.96357142857,0.0,37965.96357142857,50.0,4.0,-1.0,0.0,1.0138425612460618,4.0,35.714285714285715,0.0
93750.01250000001,0.0,93750.01250000001,61.0,3.0,-1.0,0.0,0.8220017137656214,4.0,137.5,1.0
84.30642857142857,1053.8028571428572,-969.4964285714286,65.0,2.0,2.0,-1.0869589894029983,0.9773767777456283,27.0,433.57142857142856,0.0
5645.113928571429,1044.1435714285715,4600.970357142857,47.0,1.0,1.0,0.2269398605406428,1.3541850662717783,0.0,2132.8214285714284,0.0
0.0,0.0,0.0,59.0,1.0,-1.0,0.0,0.883531475391308,0.0,6602.357142857143,0.0
394.09785714285715,0.0,394.09785714285715,62.0,2.0,-1.0,0.0,1.0678111528579795,4.0,214.46428571428572,0.0
29538.660714285717,0.0,29538.660714285717,35.0,2.0,-1.0,0.0,1.0006466402878331,1.0,100.92857142857143,0.0
25064.300714285713,0.0,25064.300714285713,67.0,2.0,-1.0,0.0,1.3695676756759185,19.0,310.64285714285717,0.0
15370.036071428573,305.6771428571428,15064.35892857143,29.0,3.0,1.0,0.020291413945076463,1.9162730363173817,1.0,1230.2857142857142,0.0
943.8375,2515.4192857142857,-1571.5817857142856,35.0,1.0,2.0,-1.6005653095372254,0.9970194762456177,9.0,452.67857142857144,0.0
1113.7442857142858,110.02107142857143,1003.7232142857143,74.0,2.0,2.0,0.10961295878491108,1.4667727552668581,13.0,924.5714285714286,0.0
7143.0425000000005,0.0,7143.0425000000005,58.0,6.0,2.0,0.0,0.8658921855374427,13.0,5161.464285714285,1.0
2509.531428571429,0.0,2509.531428571429,34.0,1.0,-1.0,0.0,0.6854566634922031,30.0,416.85714285714283,0.0
5577.357142857143,0.0,5577.357142857143,29.0,1.0,1.0,0.0,0.007090905480993575,0.0,0.0,1.0
0.0,887.375,-887.375,48.0,1.0,2.0,-1.0000000011269192,1.5508727756023506,2.0,270.17857142857144,1.0
11746.726785714285,0.0,11746.726785714285,40.0,3.0,-1.0,0.0,2.729267231643723,0.0,180.7225,0.0
1249.7110714285714,0.0,1249.7110714285714,37.0,2.0,-1.0,0.0,25.604361319886657,0.0,0.0,0.0
1607.2757142857142,0.0,1607.2757142857142,39.0,1.0,-1.0,0.0,1.1674802487012859,16.0,4129.785714285715,0.0
13024.853214285713,0.0,13024.853214285713,44.0,2.0,-1.0,0.0,46521428.57142857,0.0,0.0,0.0
5712.126785714285,0.0,5712.126785714285,30.0,2.0,-1.0,0.0,0.9796911711345611,0.0,2148.75,0.0
488.4596428571429,0.0,488.4596428571429,21.0,1.0,1.0,0.0,2.3583967471648806,0.0,0.0,1.0
34449.35035714286,0.0,34449.35035714286,61.0,2.0,-1.0,0.0,1.3018217516210446,5.0,115.17857142857143,1.0
389.45,0.0,389.45,22.0,1.0,-1.0,0.0,6.712795611486199e-06,10.0,372.64285714285717,0.0
339.81928571428574,0.0,339.81928571428574,65.0,1.0,-1.0,0.0,1.001682210116669,0.0,231.57142857142858,0.0
592.0878571428572,0.0,592.0878571428572,26.0,2.0,1.0,0.0,0.9953970143951316,0.0,957.1428571428571,0.0
47694.41285714286,0.0,47694.41285714286,31.0,3.0,-1.0,0.0,5.463380710394362,0.0,0.0,1.0
5081.663571428571,0.0,5081.663571428571,51.0,2.0,1.0,0.0,0.9178017455873692,3.0,560.3571428571429,0.0
736.9435714285713,0.0,736.9435714285713,81.0,1.0,-1.0,0.0,1.0700748927426256,2.0,0.0,1.0
12097.811071428572,0.0,12097.811071428572,87.0,4.0,-1.0,0.0,0.0007774426501813902,6.0,0.0,0.0
184135.76571428572,0.0,184135.76571428572,57.0,3.0,-1.0,0.0,1.0207508010404998,6.0,296.42857142857144,0.0
135.5335714285714,0.0,135.5335714285714,56.0,2.0,-1.0,0.0,0.13490902222813417,0.0,0.0,1.0
14.297857142857142,0.0,14.297857142857142,63.0,1.0,-1.0,0.0,2.992385455264797,0.0,168.17857142857142,0.0
484.39035714285717,0.0,484.39035714285717,45.0,1.0,1.0,0.0,1.0550012881921487,3.0,704.5,0.0
15377.353928571427,0.0,15377.353928571427,21.0,1.0,1.0,0.0,0.9924305889007827,16.0,713.1857142857143,1.0
6050.936785714286,0.0,6050.936785714286,39.0,2.0,-1.0,0.0,17555357.142857146,0.0,0.0,0.0
757.75,274.94392857142856,482.80607142857144,42.0,2.0,1.0,0.5694707342607109,0.9693969738775423,2.0,407.75,0.0
1107.6778571428572,0.0,1107.6778571428572,51.0,1.0,-1.0,0.0,6.42587264680351e-05,0.0,53.57142857142857,1.0
1261.1225,0.0,1261.1225,67.0,2.0,-1.0,0.0,0.7267465111315711,7.0,357.14285714285717,0.0
9.275,0.0,9.275,42.0,1.0,-1.0,0.0,0.0,0.0,0.0,0.0
39269.13107142857,0.0,39269.13107142857,59.0,2.0,-1.0,0.0,0.7431208043571936,0.0,729.7142857142857,1.0
13.929285714285713,0.0,13.929285714285713,88.0,1.0,-1.0,0.0,2.406383633610114,9.0,148.215,0.0
12474.61,0.0,12474.61,19.0,2.0,-1.0,0.0,1.8523919492659127,0.0,343.42857142857144,0.0
19465.90892857143,9.623571428571429,19456.285357142857,73.0,4.0,2.0,0.0004946253229444832,0.8497255680950881,0.0,74.28571428571429,0.0
27.865000000000002,0.0,27.865000000000002,36.0,1.0,-1.0,0.0,3.586721010104742,0.0,1428.5714285714287,0.0
28.658214285714283,0.0,28.658214285714283,39.0,3.0,-1.0,0.0,0.9205781556916394,3.0,1290.357142857143,1.0
0.5064285714285715,0.0,0.5064285714285715,37.0,1.0,-1.0,0.0,3.6378630798160065,0.0,21.428571428571427,0.0
2052.3625,0.0,2052.3625,55.0,1.0,-1.0,0.0,0.9796398334752519,2.0,0.0,0.0
33372.2775,0.0,33372.2775,43.0,4.0,-1.0,0.0,2.1527044532700743,10.0,132.14285714285714,0.0
1146.879642857143,0.0,1146.879642857143,57.0,1.0,-1.0,0.0,1.0334567070918972,0.0,119.21857142857142,1.0
338.58964285714285,0.0,338.58964285714285,43.0,2.0,-1.0,0.0,2.1770552489802775,8.0,988.5357142857143,0.0
396.30821428571426,0.0,396.30821428571426,39.0,1.0,-1.0,0.0,1.1796305385393169,3.0,0.0,0.0
225.8607142857143,0.0,225.8607142857143,41.0,1.0,-1.0,0.0,0.8993163072229662,14.0,1264.9285714285713,0.0
641.1296428571429,0.0,641.1296428571429,32.0,1.0,1.0,0.0,0.9561735696637965,9.0,567.0103571428572,1.0
114458.45892857143,117.65392857142857,114340.80500000001,34.0,2.0,1.0,0.0010289758636070438,1.3623335002935877,3.0,16.964285714285715,1.0
1905.805,0.0,1905.805,51.0,2.0,-1.0,0.0,58.03786846194233,0.0,26.285714285714285,0.0
345.3353571428571,0.0,345.3353571428571,34.0,1.0,-1.0,0.0,68.00312383650129,0.0,0.0,0.0
5348.3525,0.0,5348.3525,71.0,3.0,1.0,0.0,1.0460285999346228,24.0,479.32142857142856,0.0
324.0053571428572,0.0,324.0053571428572,21.0,3.0,-1.0,0.0,0.7134531572912852,4.0,0.0,0.0
403.4421428571428,0.0,403.4421428571428,63.0,1.0,-1.0,0.0,0.5624268082699848,0.0,267.7142857142857,1.0
191.1260714285714,0.0,191.1260714285714,34.0,3.0,-1.0,0.0,1.0341710701646396,3.0,138.03571428571428,1.0
683.5714285714286,0.0,683.5714285714286,26.0,1.0,-1.0,0.0,0.6079348978175494,3.0,8337.535714285714,1.0
111.12678571428572,0.0,111.12678571428572,26.0,1.0,-1.0,0.0,0.5618520236831832,1.0,0.0,0.0
3551.878214285714,1985.3728571428571,1566.5053571428568,51.0,1.0,2.0,1.2673897646265195,1.053046763072419,0.0,0.0,0.0
113.40928571428572,350.11357142857145,-236.70428571428573,50.0,1.0,1.0,-1.4791180136480273,0.9877683702917899,16.0,67.39285714285714,0.0
5720.303571428571,0.0,5720.303571428571,52.0,2.0,-1.0,0.0,0.21310295215992356,0.0,107.21392857142857,1.0
5070.659642857143,0.0,5070.659642857143,37.0,1.0,-1.0,0.0,0.9982305444367553,4.0,100.75,0.0
79.39892857142857,0.0,79.39892857142857,35.0,1.0,-1.0,0.0,0.8241181983664577,8.0,128.57142857142858,0.0
0.0,0.0,0.0,21.0,1.0,-1.0,0.0,0.8340076234802982,0.0,0.0,0.0
28115.581428571426,526.4889285714286,27589.0925,67.0,2.0,1.0,0.01908322749479148,1.0431956482891276,4.0,813.875,1.0
7342.143214285714,0.0,7342.143214285714,26.0,4.0,-1.0,0.0,0.7786451648406562,0.0,0.0,0.0
444.29,0.0,444.29,59.0,1.0,-1.0,0.0,0.0,0.0,0.0,0.0
374.2242857142857,0.0,374.2242857142857,31.0,4.0,-1.0,0.0,1156557500.0000002,0.0,0.0,0.0
331.7296428571429,0.0,331.7296428571429,59.0,1.0,1.0,0.0,2.024988692506078,0.0,256.66749999999996,1.0
50641.972499999996,0.0,50641.972499999996,43.0,6.0,-1.0,0.0,0.7322752355920388,4.0,129.71428571428572,0.0
57971.190357142856,0.0,57971.190357142856,64.0,2.0,-1.0,0.0,0.7947636509406376,5.0,3631.952857142857,1.0
188.99464285714288,0.0,188.99464285714288,23.0,1.0,-1.0,0.0,0.9598484979433339,8.0,16.5,0.0
285.7142857142857,0.0,285.7142857142857,74.0,1.0,-1.0,0.0,0.6833858046747525,26.0,1272.642857142857,0.0
3175.264642857143,0.0,3175.264642857143,55.0,3.0,-1.0,0.0,0.8840079008188346,0.0,0.0,0.0
15343.545714285714,3868.679642857143,11474.86607142857,69.0,4.0,2.0,0.33714377304609056,0.7262863801674918,3.0,0.0,1.0
25053.673571428575,0.0,25053.673571428575,71.0,2.0,-1.0,0.0,0.4800301506156197,0.0,17.857142857142858,0.0
58.583928571428565,0.0,58.583928571428565,67.0,1.0,-1.0,0.0,0.0,0.0,0.0,1.0
267.54357142857145,0.0,267.54357142857145,45.0,1.0,-1.0,0.0,1.0070753274126925,0.0,142.85714285714286,0.0
1928.7057142857143,0.0,1928.7057142857143,57.0,1.0,-1.0,0.0,0.9735030849841014,20.0,596.9642857142857,0.0
7881.311071428571,9055.584642857142,-1174.273571428571,33.0,2.0,1.0,-7.711648180544636,0.9890748473663041,12.0,868.75,0.0
3688.156785714286,0.0,3688.156785714286,26.0,1.0,1.0,0.0,0.8846784354500842,0.0,231.25,0.0
65466.737857142856,0.0,65466.737857142856,46.0,2.0,-1.0,0.0,7142.857142857144,0.0,0.0,0.0
43.13,1459.457142857143,-1416.327142857143,31.0,1.0,1.0,-1.0304520048549282,1.0413565347088765,3.0,624.4285714285714,0.0
38.65571428571428,0.0,38.65571428571428,59.0,1.0,-1.0,0.0,0.4640541572786858,3.0,165.21428571428572,0.0
16357.576785714287,0.0,16357.576785714287,45.0,1.0,-1.0,0.0,215179642.85714287,0.0,0.0,0.0
13.0425,0.0,13.0425,36.0,1.0,-1.0,0.0,187.7907152899475,0.0,0.0,1.0
2756.2332142857144,0.0,2756.2332142857144,34.0,4.0,-1.0,0.0,1.0200364324756996,0.0,138.71428571428572,0.0
1202.2350000000001,0.0,1202.2350000000001,50.0,1.0,-1.0,0.0,1.0586050781726624,0.0,363.89285714285717,0.0
17956.131785714286,0.0,17956.131785714286,33.0,2.0,-1.0,0.0,0.7846031840210987,13.0,71.42857142857143,0.0
128.38821428571427,0.0,128.38821428571427,44.0,2.0,-1.0,0.0,1.1710915747204116,9.0,375.82142857142856,0.0
1077.3460714285713,0.0,1077.3460714285713,38.0,2.0,-1.0,0.0,0.9489886430268741,0.0,10.714285714285714,1.0
5292.1792857142855,4436.040714285715,856.1385714285707,83.0,1.0,3.0,5.181451761602322,1.4602739322727303,0.0,16.071428571428573,0.0
13444.875,0.0,13444.875,51.0,3.0,-1.0,0.0,1.1972598514965673,27.0,1920.0714285714287,0.0
8460.617142857143,0.0,8460.617142857143,58.0,4.0,-1.0,0.0,0.561690168587328,4.0,313.25,0.0
1.4082142857142856,0.0,1.4082142857142856,37.0,1.0,-1.0,0.0,1.0125111494489363,0.0,209.71428571428572,0.0
1693.1764285714287,0.0,1693.1764285714287,68.0,1.0,-1.0,0.0,2.675633348218096e-06,4.0,0.0,0.0
83.05642857142857,337.7471428571429,-254.6907142857143,29.0,1.0,3.0,-1.3261070201576417,1.0214248580452776,0.0,160.42857142857142,0.0
582974.5353571428,277.0864285714286,582697.4489285714,40.0,5.0,2.0,0.00047552366855293897,1.0134147591107387,5.0,1166.0475000000001,0.0
22140.36642857143,0.0,22140.36642857143,33.0,4.0,-1.0,0.0,1.158037943035604,0.0,334.7471428571429,0.0
107048.66928571428,0.0,107048.66928571428,75.0,4.0,-1.0,0.0,0.18630962755009126,24.0,0.0,1.0
870.1514285714286,0.0,870.1514285714286,30.0,1.0,-1.0,0.0,0.7313449285404536,2.0,0.0,0.0
2519.6896428571426,0.0,2519.6896428571426,26.0,3.0,-1.0,0.0,18.85008839235332,0.0,0.0,0.0
4.027142857142858,0.0,4.027142857142858,30.0,1.0,1.0,0.0,1.3142368347736109,27.0,521.0614285714286,0.0
9.3025,0.0,9.3025,84.0,1.0,-1.0,0.0,0.6242366687986107,0.0,0.0,0.0
4025.3235714285715,0.0,4025.3235714285715,63.0,2.0,-1.0,0.0,0.9319939717823895,1.0,941.6071428571429,1.0
13296.793214285713,0.0,13296.793214285713,68.0,2.0,-1.0,0.0,357.14285714285717,0.0,0.0,0.0
660.9817857142858,0.0,660.9817857142858,35.0,2.0,1.0,0.0,1.4383725933752888e-05,7.0,74.42857142857143,0.0
28.571428571428573,0.0,28.571428571428573,44.0,1.0,-1.0,0.0,2.337513579148166e-06,4.0,35.714285714285715,1.0
14240.549642857142,0.0,14240.549642857142,47.0,3.0,-1.0,0.0,0.5619544510006252,9.0,3201.647857142857,0.0
12053.176428571429,0.0,12053.176428571429,70.0,3.0,-1.0,0.0,1.6420018896009814,0.0,0.0,0.0
0.6174999999999999,354.96,-354.3425,57.0,1.0,1.0,-1.0017426670572755,0.6348082531733283,9.0,399.60714285714283,0.0
0.0,0.0,0.0,37.0,1.0,-1.0,0.0,0.9914490275722952,0.0,0.0,0.0
664.109642857143,0.0,664.109642857143,48.0,5.0,-1.0,0.0,7.938211381390992e-05,0.0,0.0,0.0
16.62392857142857,3295.807142857143,-3279.1832142857143,30.0,1.0,1.0,-1.0050695336277875,0.8005525472568983,20.0,44.642857142857146,1.0
542.1714285714286,930.3571428571429,-388.1857142857143,48.0,1.0,2.0,-2.396680534639813,1.0231158920079682,2.0,483.17857142857144,0.0
6302.067857142857,0.0,6302.067857142857,29.0,1.0,-1.0,0.0,0.0011428566857144685,0.0,0.0,0.0
6447.408928571429,0.0,6447.408928571429,46.0,3.0,-1.0,0.0,3.069480017189703,0.0,384.67857142857144,0.0
4523.646785714286,0.0,4523.646785714286,42.0,1.0,-1.0,0.0,0.914382899244788,6.0,217.67857142857142,0.0
325.1242857142857,3819.2296428571426,-3494.105357142857,34.0,1.0,3.0,-1.0930493655958875,2.3797030919067823,5.0,46.42857142857143,0.0
1062.3960714285713,0.0,1062.3960714285713,77.0,4.0,-1.0,0.0,2.152014996797705,16.0,149.17714285714285,0.0
65563.81964285714,134.33464285714285,65429.48499999999,69.0,3.0,1.0,0.002053120895802401,0.9801682665662239,15.0,210.85714285714286,0.0
13902.784642857143,0.0,13902.784642857143,49.0,2.0,-1.0,0.0,0.9232478483055442,44.0,230.82142857142858,0.0
2580.7517857142857,0.0,2580.7517857142857,57.0,3.0,-1.0,0.0,83.4204842105853,0.0,0.0,0.0
28.571428571428573,0.0,28.571428571428573,32.0,1.0,-1.0,0.0,0.9168064281015429,0.0,0.0,0.0
62103.26857142857,0.0,62103.26857142857,30.0,2.0,2.0,0.0,0.953143226229713,17.0,107.14285714285714,0.0
49.19357142857143,0.4642857142857143,48.729285714285716,57.0,1.0,2.0,0.00952785779541489,1.1905692683477642,1.0,843.25,1.0
1440.0525,0.0,1440.0525,47.0,2.0,-1.0,0.0,0.7734611998244116,0.0,1016.5164285714285,0.0
3017.6414285714286,0.0,3017.6414285714286,36.0,1.0,-1.0,0.0,0.0,0.0,0.0,1.0
920.6767857142858,0.0,920.6767857142858,27.0,2.0,-1.0,0.0,0.00018181808925624547,0.0,0.0,1.0
686.4396428571429,0.0,686.4396428571429,56.0,1.0,-1.0,0.0,1.3310105749036647,0.0,78.75,0.0
54.482142857142854,0.0,54.482142857142854,24.0,1.0,1.0,0.0,0.5307433214485255,13.0,335.6246428571429,0.0
14.712142857142856,0.0,14.712142857142856,67.0,1.0,1.0,0.0,0.24408175265877605,1.0,236.24964285714285,1.0
80.92857142857143,0.0,80.92857142857143,36.0,1.0,-1.0,0.0,0.9822241240381888,8.0,1130.1785714285713,0.0
459.59071428571434,0.0,459.59071428571434,31.0,1.0,-1.0,0.0,0.0,0.0,0.0,0.0
12262.467857142858,558.7092857142858,11703.758571428572,21.0,3.0,2.0,0.047737594915062534,1.0614911486444247,23.0,1278.8071428571427,0.0
49.75678571428572,0.0,49.75678571428572,34.0,1.0,1.0,0.0,0.20904052172120954,4.0,0.0,0.0
146.85392857142855,0.0,146.85392857142855,24.0,1.0,-1.0,0.0,0.5211918191953118,0.0,0.0,0.0
43.52321428571429,0.0,43.52321428571429,49.0,1.0,-1.0,0.0,1.13540842952386,0.0,121.92857142857143,1.0
1220.1289285714286,0.0,1220.1289285714286,35.0,2.0,-1.0,0.0,2.5281615726381443,1.0,10.678571428571429,0.0
983.3739285714286,0.0,983.3739285714286,61.0,1.0,-1.0,0.0,1.1460359890963998,0.0,363.5357142857143,0.0
169.96964285714284,0.0,169.96964285714284,26.0,1.0,-1.0,0.0,357.14285714285717,0.0,0.0,0.0
21.936785714285715,64.9817857142857,-43.04499999999999,26.0,1.0,4.0,-1.5096245144362932,0.6210816253327821,18.0,805.3571428571429,0.0
23.49607142857143,0.0,23.49607142857143,31.0,1.0,1.0,0.0,1.3901677150208653,0.0,0.0,0.0
591.2628571428571,0.0,591.2628571428571,23.0,1.0,-1.0,0.0,0.2837715388766602,1.0,203.42857142857142,0.0
1097.7342857142858,0.0,1097.7342857142858,36.0,1.0,1.0,0.0,3.188689067853184e-06,2.0,126.75,1.0
6655.915714285714,0.0,6655.915714285714,66.0,3.0,-1.0,0.0,3.8961505967486936,12.0,320.42857142857144,0.0
13775.455,0.0,13775.455,26.0,1.0,-1.0,0.0,1.1922183396037267,11.0,1123.3214285714287,0.0
107.2625,0.0,107.2625,31.0,1.0,-1.0,0.0,0.5866401984296379,31.0,30069.696428571428,1.0
6459.211071428572,0.0,6459.211071428572,32.0,3.0,1.0,0.0,1.0161508433072979,1.0,11324.483928571428,0.0
50.341071428571425,0.0,50.341071428571425,43.0,1.0,-1.0,0.0,1.002269895091106,7.0,92.46428571428571,0.0
2163.824642857143,0.0,2163.824642857143,26.0,1.0,-1.0,0.0,0.9655355877097903,7.0,941.6071428571429,0.0
3871.886785714286,0.0,3871.886785714286,37.0,1.0,-1.0,0.0,0.4701842909668062,9.0,290.82142857142856,0.0
70.54857142857142,0.0,70.54857142857142,49.0,1.0,-1.0,0.0,0.19192760490406316,7.0,0.0,0.0
3024.1453571428574,0.0,3024.1453571428574,72.0,2.0,-1.0,0.0,3.3189511805739686e-05,0.0,0.0,0.0
30406.599642857138,0.0,30406.599642857138,36.0,3.0,-1.0,0.0,0.4097403025258164,8.0,736.75,0.0
236.21785714285716,0.0,236.21785714285716,34.0,1.0,-1.0,0.0,1.0374830451738302,0.0,82.18785714285715,0.0
2250.3082142857143,0.0,2250.3082142857143,32.0,1.0,1.0,0.0,0.19722575549901666,0.0,822.9285714285714,0.0
3641.432142857143,0.0,3641.432142857143,32.0,1.0,-1.0,0.0,1.1635978341816804,2.0,364.82142857142856,0.0
137.52178571428573,0.0,137.52178571428573,46.0,1.0,-1.0,0.0,1.0515964965965268,0.0,0.0,0.0
17752.07964285714,0.0,17752.07964285714,35.0,2.0,-1.0,0.0,0.8840842915641233,0.0,1178.5714285714287,1.0
0.0,641.1453571428572,-641.1453571428572,45.0,1.0,1.0,-1.0000000015597088,0.7778161082691578,0.0,251.32142857142858,0.0
27795.08607142857,0.0,27795.08607142857,22.0,2.0,-1.0,0.0,0.88204214522903,0.0,6.607142857142857,1.0
1743.7385714285715,0.0,1743.7385714285715,23.0,1.0,-1.0,0.0,0.6521675821253631,0.0,101.92857142857143,0.0
5055.822142857143,0.0,5055.822142857143,19.0,3.0,-1.0,0.0,1.095999442036648,0.0,0.0,1.0
7.145714285714286,0.0,7.145714285714286,48.0,1.0,-1.0,0.0,2.092471639581941,2.0,25.0,1.0
153.9807142857143,11289.05107142857,-11135.070357142857,41.0,1.0,3.0,-1.013828445655107,0.6868066172718742,3.0,1038.642857142857,0.0
414.7292857142857,0.0,414.7292857142857,33.0,1.0,-1.0,0.0,2.6889163551251256,1.0,0.0,0.0
3758.344285714286,0.0,3758.344285714286,23.0,1.0,-1.0,0.0,1.2002994183126201e-05,9.0,113.75,0.0
4899.0482142857145,0.0,4899.0482142857145,37.0,1.0,-1.0,0.0,0.9039383592680179,0.0,631.4525,1.0
50.730000000000004,0.0,50.730000000000004,24.0,1.0,-1.0,0.0,0.5790995593498348,5.0,0.0,0.0
778.5221428571429,0.0,778.5221428571429,67.0,1.0,-1.0,0.0,2.0146849610215463,0.0,97.5,0.0
54172.86928571429,0.0,54172.86928571429,43.0,1.0,-1.0,0.0,0.1027272204297787,0.0,0.0,1.0
3.257142857142857,0.0,3.257142857142857,22.0,1.0,1.0,0.0,0.4701290033733135,20.0,1533.107142857143,0.0
10078.183928571429,0.0,10078.183928571429,44.0,2.0,-1.0,0.0,7.280178111909326,0.0,0.0,0.0
2.6075000000000004,12567.025714285714,-12564.418214285713,28.0,1.0,2.0,-1.0002075305800664,0.9164601932120011,10.0,425.0,1.0
13713.709285714285,175.59964285714287,13538.109642857142,59.0,2.0,1.0,0.01297076530450619,0.8410856116756921,0.0,485.10714285714283,0.0
200.36428571428573,0.0,200.36428571428573,44.0,3.0,-1.0,0.0,0.49657852213148695,3.0,369.25,0.0
1054.8021428571428,0.0,1054.8021428571428,37.0,1.0,-1.0,0.0,3.5056966712011335e-05,0.0,38.57142857142857,0.0
111.87035714285715,0.0,111.87035714285715,29.0,1.0,-1.0,0.0,1.0158043060132418,4.0,285.14285714285717,0.0
2691.9957142857143,0.0,2691.9957142857143,36.0,2.0,-1.0,0.0,1.0210853575873329,9.0,0.0,1.0
1963.8014285714287,0.0,1963.8014285714287,26.0,1.0,-1.0,0.0,0.004412988146847061,1.0,0.0,0.0
341.5514285714286,460.0892857142857,-118.53785714285715,30.0,1.0,2.0,-3.88137005919699,1.0582460324022904,20.0,61955.10392857143,1.0
2860.8021428571433,0.0,2860.8021428571433,72.0,1.0,1.0,0.0,0.9505328942139689,0.0,221.64285714285714,1.0
8907.271785714285,0.0,8907.271785714285,41.0,3.0,-1.0,0.0,2.893964550753038,0.0,1198.857857142857,1.0
80371.72785714286,0.0,80371.72785714286,83.0,4.0,-1.0,0.0,1.0958606774398876,4.0,2286.464285714286,0.0
4962.967500000001,0.0,4962.967500000001,26.0,3.0,-1.0,0.0,0.8438177522382353,0.0,0.0,0.0
12714.420714285716,0.0,12714.420714285716,22.0,4.0,-1.0,0.0,0.0015016351336553523,0.0,121.85249999999999,0.0
1613.8460714285716,3969.956071428571,-2356.109999999999,78.0,1.0,3.0,-1.6849621083538264,1.042453905959614,4.0,239.07142857142858,0.0
2430.9746428571425,0.0,2430.9746428571425,46.0,1.0,1.0,0.0,0.9795378466717192,0.0,153.71428571428572,0.0
361.58964285714285,0.0,361.58964285714285,65.0,1.0,-1.0,0.0,0.8730787608704161,0.0,322.64285714285717,0.0
52750.6675,0.0,52750.6675,57.0,3.0,-1.0,0.0,0.9531135177242024,9.0,163.28571428571428,1.0
2181.302142857143,0.0,2181.302142857143,62.0,1.0,-1.0,0.0,1.004253399142395,0.0,0.0,0.0
4466.422142857143,0.0,4466.422142857143,27.0,1.0,-1.0,0.0,0.0,0.0,0.0,0.0
30639.393928571433,0.0,30639.393928571433,40.0,4.0,-1.0,0.0,1.3008850027875198,0.0,173.5,1.0
764.6896428571429,0.0,764.6896428571429,43.0,1.0,-1.0,0.0,357.14285714285717,0.0,0.0,0.0
12758.646785714285,2.357142857142857,12756.289642857142,48.0,3.0,1.0,0.00018478279522901486,25.54014067994032,0.0,0.0,1.0
1313.1657142857143,0.0,1313.1657142857143,34.0,1.0,-1.0,0.0,0.9992106035392718,4.0,0.0,0.0
41.46035714285715,0.0,41.46035714285715,26.0,1.0,-1.0,0.0,0.7387025989444757,0.0,292.11607142857144,0.0
72.4042857142857,1447.7096428571429,-1375.3053571428572,71.0,1.0,1.0,-1.0526459715952454,0.9123948800084641,0.0,7.142857142857143,1.0
3016.248928571428,0.0,3016.248928571428,50.0,2.0,-1.0,0.0,0.6375197373224423,3.0,754.125,0.0
3131.2239285714286,0.0,3131.2239285714286,19.0,1.0,-1.0,0.0,1.0140841356559143,0.0,129.64285714285714,0.0
3611.397857142857,0.0,3611.397857142857,52.0,2.0,1.0,0.0,1.0313649422546647,4.0,624.2142857142857,0.0
1783.9614285714285,0.0,1783.9614285714285,56.0,1.0,-1.0,0.0,0.0,0.0,0.0,0.0
103530.83535714286,0.0,103530.83535714286,71.0,3.0,-1.0,0.0,9.837201466509915,0.0,438.64285714285717,1.0
2445.9664285714284,345.0017857142857,2100.9646428571427,52.0,1.0,1.0,0.16421113354906341,0.8003073666804844,6.0,914.5357142857143,1.0
476.2132142857143,0.0,476.2132142857143,44.0,1.0,-1.0,0.0,0.0,0.0,0.0,1.0
10820.708571428573,0.0,10820.708571428573,22.0,1.0,-1.0,0.0,2.7018456361900207,21.0,317.89285714285717,1.0
12378.42357142857,0.0,12378.42357142857,32.0,4.0,-1.0,0.0,2.1339956456791436,0.0,0.0,0.0
28.571428571428573,0.0,28.571428571428573,59.0,1.0,-1.0,0.0,1.1549334775266993,9.0,108.60178571428571,0.0
1633.8282142857145,0.0,1633.8282142857145,39.0,1.0,-1.0,0.0,4.6296294295839135e-05,1.0,0.0,0.0
2639.308571428571,0.0,2639.308571428571,46.0,1.0,-1.0,0.0,0.9385705447088202,1.0,0.03571428571428571,0.0
19921.32642857143,0.0,19921.32642857143,35.0,2.0,-1.0,0.0,1.2332399321508971,0.0,0.0,0.0
97.62857142857142,0.0,97.62857142857142,51.0,1.0,-1.0,0.0,0.7410607478888668,1.0,383.82142857142856,1.0
2754.4928571428572,0.0,2754.4928571428572,34.0,1.0,-1.0,0.0,2.4999998250000123e-05,0.0,0.0,0.0
1813.5207142857143,0.0,1813.5207142857143,86.0,1.0,-1.0,0.0,5.342165711020875e-06,3.0,569.1785714285714,1.0
1049.024642857143,0.0,1049.024642857143,29.0,1.0,-1.0,0.0,2.2043960703557155,22.0,20428.214285714286,0.0
58.1,164.67535714285714,-106.57535714285714,36.0,1.0,1.0,-1.545154181067158,1.664463175772821,0.0,0.0,0.0
705.8725000000001,0.0,705.8725000000001,47.0,1.0,-1.0,0.0,1.0592149167275615,2.0,157.14285714285714,0.0
778.1028571428571,0.0,778.1028571428571,55.0,3.0,-1.0,0.0,0.704516085152596,27.0,85.0,0.0
22674.22392857143,0.0,22674.22392857143,23.0,2.0,-1.0,0.0,1.0082648399762373,0.0,3071.4285714285716,0.0
1795.1217857142858,0.0,1795.1217857142858,24.0,1.0,-1.0,0.0,1.6863272428663227,1.0,0.0,0.0
5403.212142857143,0.0,5403.212142857143,19.0,3.0,-1.0,0.0,0.6881785163854858,12.0,3108.8146428571426,0.0
9496.604642857144,0.0,9496.604642857144,71.0,3.0,-1.0,0.0,0.1843344199210036,4.0,96.42857142857143,0.0
2435.4757142857147,242.6239285714286,2192.851785714286,37.0,1.0,2.0,0.11064310412650834,0.9322271365714412,6.0,1162.6678571428572,0.0
55934.02035714286,0.0,55934.02035714286,61.0,1.0,-1.0,0.0,0.2000873385406492,0.0,0.0,0.0
714.4475,529.8546428571428,184.59285714285716,64.0,1.0,1.0,2.8703962232768845,2.133375067815368,3.0,104.35714285714286,1.0
16.228928571428572,985.5078571428572,-969.2789285714287,28.0,1.0,3.0,-1.0167433017574115,1.0408220570720763,4.0,555.9346428571429,0.0
0.0,0.0,0.0,30.0,1.0,-1.0,0.0,0.9589762952535639,5.0,368.10714285714283,0.0
358.84464285714284,0.0,358.84464285714284,38.0,1.0,-1.0,0.0,1.1090739350243015,3.0,61.857142857142854,0.0
2.7375000000000003,0.0,2.7375000000000003,23.0,1.0,-1.0,0.0,0.999364031267564,0.0,221.60714285714286,0.0
10020.610357142858,0.0,10020.610357142858,37.0,1.0,-1.0,0.0,0.8746277373920697,0.0,176.42857142857142,1.0
2746.0517857142854,0.0,2746.0517857142854,31.0,2.0,-1.0,0.0,0.07064000696471472,11.0,1261.6264285714285,0.0
947.1507142857143,384.91249999999997,562.2382142857143,76.0,1.0,2.0,0.6846075018298032,1.0471337302904293,0.0,195.26857142857145,0.0
903.6382142857143,0.0,903.6382142857143,57.0,1.0,-1.0,0.0,4.235621541585513e-05,9.0,0.0,0.0
1400.9367857142859,1278.5925,122.34428571428589,36.0,1.0,1.0,10.450774076487393,0.8081451212377965,26.0,54.32142857142857,0.0
337.4732142857143,0.0,337.4732142857143,18.0,1.0,-1.0,0.0,0.8739441049281556,25.0,249.60714285714286,0.0
240.9632142857143,0.0,240.9632142857143,21.0,1.0,-1.0,0.0,1785.714285714286,0.0,0.0,0.0
375.5846428571429,1055.2010714285714,-679.6164285714285,71.0,1.0,1.0,-1.5526420913621433,1.044674740699595,22.0,120.85714285714286,0.0
2916.7925,0.0,2916.7925,49.0,1.0,-1.0,0.0,0.410974390915184,11.0,448.39285714285717,0.0
5558.475357142857,10828.863928571427,-5270.38857142857,55.0,1.0,3.0,-2.0546613942908696,0.749018382661941,9.0,545.5714285714286,0.0
5265.1167857142855,0.0,5265.1167857142855,64.0,1.0,-1.0,0.0,1.0347407483950364,12.0,385.5182142857143,1.0
2.914285714285714,924.8914285714285,-921.9771428571428,68.0,1.0,1.0,-1.0031609099423175,2.36225993758363,3.0,98.17857142857143,1.0
45624.887142857144,0.0,45624.887142857144,27.0,3.0,-1.0,0.0,1.0359875912690673,10.0,414.25,1.0
1114.8675,0.0,1114.8675,47.0,1.0,-1.0,0.0,0.0,0.0,0.0,0.0
10937.31392857143,0.0,10937.31392857143,23.0,3.0,-1.0,0.0,1.9484187265534882,0.0,0.0,0.0
158.76892857142857,0.0,158.76892857142857,68.0,1.0,-1.0,0.0,1.406137270991031,5.0,17.857142857142858,0.0
19843.8175,0.0,19843.8175,32.0,5.0,-1.0,0.0,2.6939801901582654,0.0,159.5,0.0
32979.5175,0.0,32979.5175,68.0,2.0,-1.0,0.0,246.11914743025224,0.0,0.0,0.0
27.035714285714285,0.0,27.035714285714285,29.0,1.0,-1.0,0.0,6071.4285714285725,0.0,0.0,0.0
22557.121428571427,0.0,22557.121428571427,65.0,4.0,-1.0,0.0,3.4976970556771207,0.0,192.74535714285713,1.0
178593.71964285715,30.928571428571427,178562.79107142857,61.0,2.0,2.0,0.00017320837808827816,1.064335063595188,7.0,882.3571428571429,1.0
13648.459642857142,0.0,13648.459642857142,61.0,1.0,1.0,0.0,0.7145908890950384,40.0,703.1428571428571,1.0
658.5878571428572,5781.347500000001,-5122.759642857143,52.0,1.0,2.0,-1.1285611475427533,0.8965131371511303,0.0,429.57142857142856,1.0
469.4325,0.0,469.4325,53.0,1.0,1.0,0.0,0.23157585951913584,0.0,247.14285714285714,0.0
5942.160000000001,0.0,5942.160000000001,51.0,1.0,-1.0,0.0,1.3697947970078685,0.0,0.0,0.0
1911.4914285714287,0.0,1911.4914285714287,65.0,1.0,1.0,0.0,1.3473916174380096,0.0,0.0,0.0
1.2785714285714285,0.0,1.2785714285714285,34.0,1.0,-1.0,0.0,35714285.71428572,0.0,0.0,1.0
107.14285714285714,0.0,107.14285714285714,82.0,1.0,-1.0,0.0,1.1021984776102718,0.0,572.75,0.0
838.6396428571428,0.0,838.6396428571428,21.0,1.0,-1.0,0.0,7.702220190850774,1.0,213.53571428571428,0.0
11328.127142857144,0.0,11328.127142857144,79.0,3.0,-1.0,0.0,1.2418676829255397,0.0,160.71428571428572,0.0
2845.5564285714286,0.0,2845.5564285714286,34.0,4.0,-1.0,0.0,1.333797776173378,2.0,502.5357142857143,0.0
633.7039285714285,0.0,633.7039285714285,40.0,1.0,-1.0,0.0,1.0904328174081777,7.0,0.0,1.0
2279.7428571428572,0.0,2279.7428571428572,21.0,1.0,-1.0,0.0,0.6087085564174829,1.0,2371.8571428571427,0.0
18641.6875,0.0,18641.6875,64.0,2.0,-1.0,0.0,10911071.42857143,0.0,0.0,0.0
1450.2350000000001,360.3546428571429,1089.8803571428573,25.0,1.0,2.0,0.3306368815299899,1.5489273859720258,0.0,281.14285714285717,0.0
40.191071428571426,3708.253928571429,-3668.0628571428574,70.0,3.0,1.0,-1.010957029365313,1.5002828622831423,0.0,739.4146428571429,0.0
3813.8689285714286,4128.4,-314.53107142857107,63.0,1.0,1.0,-13.12557132869182,0.8534817189600509,3.0,228.78571428571428,0.0
3002.503928571429,1020.8460714285713,1981.6578571428574,46.0,1.0,1.0,0.5151474898826751,1.217554530029571,6.0,414.60714285714283,0.0
176.8125,0.0,176.8125,24.0,2.0,1.0,0.0,0.9763152626625085,1.0,408.07142857142856,0.0
1021.6946428571429,0.0,1021.6946428571429,29.0,1.0,-1.0,0.0,1.2470003851128721,0.0,0.0,0.0
111.17321428571428,0.0,111.17321428571428,27.0,1.0,-1.0,0.0,0.9870800175702844,29.0,151.78571428571428,0.0
4314.886428571429,0.0,4314.886428571429,37.0,1.0,-1.0,0.0,281812857.14285713,0.0,0.0,0.0
5.3428571428571425,0.0,5.3428571428571425,27.0,1.0,-1.0,0.0,2.7618068409451104,0.0,0.0,0.0
801.7696428571429,0.0,801.7696428571429,39.0,3.0,-1.0,0.0,0.9976444576598782,0.0,0.0,0.0
529.0857142857143,0.0,529.0857142857143,23.0,1.0,-1.0,0.0,0.34648798735485975,7.0,0.0,0.0
0.5360714285714285,1384.7114285714285,-1384.1753571428571,32.0,1.0,2.0,-1.0003872864996421,1.0890119192557894,8.0,134.28571428571428,0.0
3687.2599999999998,0.0,3687.2599999999998,29.0,5.0,-1.0,0.0,0.9481645593299104,1.0,0.0,1.0
7.116071428571428,0.0,7.116071428571428,42.0,5.0,-1.0,0.0,2.6505951040496023,0.0,222.53571428571428,0.0
89.02250000000001,0.0,89.02250000000001,25.0,1.0,-1.0,0.0,8.62591973237886e-06,21.0,891.3278571428572,1.0
87.9175,0.0,87.9175,35.0,1.0,-1.0,0.0,0.7778645411457158,6.0,0.0,0.0
11.178214285714287,0.0,11.178214285714287,69.0,1.0,-1.0,0.0,0.34483103115335556,2.0,23.535714285714285,0.0
31681.494642857142,2416.868214285714,29264.626428571428,51.0,1.0,2.0,0.08258667576373052,0.739220394553593,10.0,148.03571428571428,1.0
0.0,121.85464285714285,-121.85464285714285,79.0,1.0,3.0,-1.000000008206499,1.0538873939942661,34.0,1150.2857142857142,0.0
241.27821428571428,0.0,241.27821428571428,36.0,1.0,-1.0,0.0,1.0572604041504956,0.0,99.46428571428571,0.0
3388.0417857142857,0.0,3388.0417857142857,43.0,1.0,-1.0,0.0,2.7778329012259926,1.0,0.0,1.0
1706.419642857143,0.0,1706.419642857143,25.0,1.0,-1.0,0.0,0.0,0.0,0.0,0.0
10171.1375,0.0,10171.1375,23.0,2.0,-1.0,0.0,1.7415048002722073,10.0,130.10714285714286,0.0
9.98,293.1821428571429,-283.20214285714286,58.0,1.0,1.0,-1.0352398500045041,0.35590966410104835,6.0,420.85714285714283,0.0
4069.934285714286,0.0,4069.934285714286,31.0,1.0,-1.0,0.0,0.00018181808925624547,0.0,0.0,0.0
124.64642857142857,10476.413928571426,-10351.767499999998,24.0,2.0,3.0,-1.0120410770028858,0.8214657470614845,20.0,467.25,0.0
393.88357142857143,13116.573571428573,-12722.690000000002,55.0,1.0,4.0,-1.0309591424816238,2.0393961515221526,7.0,490.25,0.0
315143.9664285714,0.0,315143.9664285714,55.0,2.0,1.0,0.0,1.4011741329460667,7.0,129.07142857142858,0.0
52.526428571428575,0.0,52.526428571428575,35.0,1.0,-1.0,0.0,0.16584927498949176,7.0,0.0,0.0
401.16249999999997,0.0,401.16249999999997,64.0,1.0,-1.0,0.0,0.7245041503759873,7.0,1494.5,0.0
379.34857142857146,0.0,379.34857142857146,60.0,1.0,-1.0,0.0,1.1806472621657886,5.0,627.5639285714286,0.0
0.44821428571428573,1776.0653571428572,-1775.6171428571429,33.0,1.0,1.0,-1.0002524278883935,0.8347902814780412,31.0,861.9285714285714,0.0
231.26857142857145,0.0,231.26857142857145,46.0,1.0,1.0,0.0,1.699160627213713,3.0,159.0,0.0
2659.5000000000005,166.20714285714286,2493.2928571428574,67.0,3.0,1.0,0.06666170093670551,10.453767456718781,0.0,244.60714285714286,0.0
232.55892857142857,0.0,232.55892857142857,67.0,1.0,-1.0,0.0,12.009957392866843,0.0,23.25,0.0
2538.9314285714286,0.0,2538.9314285714286,75.0,1.0,-1.0,0.0,0.7379715593989545,13.0,357.14285714285717,0.0
2262.1789285714285,0.0,2262.1789285714285,48.0,1.0,-1.0,0.0,0.0,0.0,0.0,1.0
5607.926785714286,0.0,5607.926785714286,41.0,5.0,-1.0,0.0,10469642.857142856,0.0,0.0,0.0
4577.445000000001,0.0,4577.445000000001,53.0,1.0,-1.0,0.0,3.257325728429594,0.0,257.25,0.0
7401.326071428572,0.0,7401.326071428572,48.0,3.0,1.0,0.0,1.0744588683770953,6.0,93.85714285714286,1.0
0.0,62.7025,-62.7025,54.0,1.0,1.0,-1.0000000159483275,0.8668375567110421,25.0,258.32142857142856,1.0
35454.3,1663.6396428571427,33790.66035714286,22.0,1.0,2.0,0.04923371207382278,1.079261723883412,11.0,457.35714285714283,1.0
10.644642857142857,0.0,10.644642857142857,82.0,1.0,-1.0,0.0,1.553768092900223,6.0,62.642857142857146,1.0
31.785714285714285,0.0,31.785714285714285,69.0,1.0,-1.0,0.0,0.9933807854918338,0.0,0.0,1.0
94875.80321428571,1.4285714285714286,94874.37464285715,71.0,2.0,2.0,1.5057505611331318e-05,0.5958642893793017,31.0,736.2857142857143,0.0
3692.006785714286,0.0,3692.006785714286,33.0,2.0,1.0,0.0,0.6959547780776956,0.0,3468.272857142857,0.0
488.6725,0.0,488.6725,33.0,2.0,-1.0,0.0,0.5037389852170948,0.0,1211.392857142857,1.0
5986.198214285714,0.0,5986.198214285714,22.0,2.0,-1.0,0.0,2.680033283306046,0.0,0.0,0.0
4143.043571428571,0.0,4143.043571428571,36.0,1.0,-1.0,0.0,0.9014780870959319,3.0,368.5357142857143,1.0
2.9089285714285715,0.0,2.9089285714285715,69.0,1.0,-1.0,0.0,0.5627640012859589,2.0,748.4642857142857,0.0
19180.76607142857,0.0,19180.76607142857,21.0,1.0,-1.0,0.0,1.1220889426523264,13.0,171.42857142857142,1.0
1780.152857142857,0.0,1780.152857142857,77.0,1.0,-1.0,0.0,1.6511093314983198,0.0,688.5714285714286,0.0
4090.532857142857,0.0,4090.532857142857,53.0,2.0,1.0,0.0,1.66033768068977,1.0,455.25,1.0
29243.153214285714,0.0,29243.153214285714,85.0,2.0,2.0,0.0,1.2671345574362642,15.0,609.4535714285714,0.0
47373.56250000001,0.0,47373.56250000001,28.0,2.0,-1.0,0.0,1.1515272487541415,0.0,642.8571428571429,1.0
5.6325,0.0,5.6325,27.0,1.0,-1.0,0.0,1.2227635226282805,3.0,121.78571428571429,0.0
25428.11142857143,0.0,25428.11142857143,21.0,1.0,-1.0,0.0,0.5946373324382879,3.0,221.42857142857142,1.0
5320.353214285715,0.0,5320.353214285715,42.0,1.0,-1.0,0.0,1.3584887058902373,37.0,2950.75,0.0
40438.561428571425,0.0,40438.561428571425,69.0,2.0,-1.0,0.0,1.768172297997889,0.0,386.10714285714283,1.0
0.00035714285714285714,2190.5910714285715,-2190.5907142857145,68.0,1.0,2.0,-1.0000001634914522,0.9801895663784124,7.0,970.6428571428571,0.0
18364.818571428572,1480.8610714285714,16883.9575,18.0,1.0,2.0,0.08770817335573507,0.7638626762450738,23.0,615.7928571428572,0.0
3044.5989285714286,512.8,2531.7989285714284,47.0,1.0,2.0,0.20254373047183666,1.0809297092795291,34.0,911.2882142857143,0.0
2282.5242857142857,793.6710714285715,1488.8532142857143,28.0,2.0,1.0,0.5330754323395568,0.9384142757952473,0.0,1162.3214285714287,0.0
41486.70464285714,0.0,41486.70464285714,67.0,3.0,1.0,0.0,0.6091227867847813,10.0,1795.357142857143,0.0
8469.991428571428,0.0,8469.991428571428,33.0,2.0,-1.0,0.0,1.3893605569983027,0.0,53.57142857142857,0.0
53.385714285714286,0.0,53.385714285714286,26.0,1.0,-1.0,0.0,1.000000619378881,0.0,0.0,0.0
1545.7482142857143,283.8092857142857,1261.9389285714287,69.0,2.0,1.0,0.2248993822630316,1.9463065740834875,0.0,39.785714285714285,1.0
4180.6975,0.0,4180.6975,48.0,2.0,1.0,0.0,0.868551002699221,21.0,75.17857142857143,0.0
120.15178571428571,0.0,120.15178571428571,68.0,1.0,1.0,0.0,1.1209198945613692,16.0,401.57142857142856,0.0
3405.2428571428572,0.0,3405.2428571428572,20.0,1.0,-1.0,0.0,0.05839993459207325,0.0,0.0,0.0
320.05,0.0,320.05,62.0,1.0,-1.0,0.0,0.00031578938060944573,0.0,0.0,0.0
3378.41,0.0,3378.41,34.0,1.0,-1.0,0.0,0.7733316436933758,1.0,100.82142857142857,0.0
0.0,0.0,0.0,73.0,1.0,-1.0,0.0,0.0,0.0,0.0,1.0
1500.8082142857143,0.0,1500.8082142857143,74.0,3.0,-1.0,0.0,3.666973264883166,1.0,7.464285714285714,0.0
35.145357142857144,0.0,35.145357142857144,45.0,1.0,-1.0,0.0,0.0,0.0,0.0,0.0
628.3125,176.88535714285715,451.4271428571428,69.0,1.0,1.0,0.3918358910177402,0.9423043217476913,3.0,194.07142857142858,1.0
79.51178571428571,0.0,79.51178571428571,51.0,1.0,-1.0,0.0,2.2126099969023456,0.0,0.0,0.0
664.5782142857142,0.0,664.5782142857142,23.0,1.0,-1.0,0.0,2.2454598896181417,0.0,194.64285714285714,0.0
588.7410714285714,0.0,588.7410714285714,50.0,1.0,-1.0,0.0,0.945054600406649,0.0,0.0,0.0
8.087142857142856,0.0,8.087142857142856,32.0,1.0,1.0,0.0,12.161857640147208,0.0,0.0,0.0
1615.3417857142856,0.0,1615.3417857142856,36.0,1.0,1.0,0.0,1.3615007636881864,0.0,204.96428571428572,1.0
11686.82107142857,0.0,11686.82107142857,41.0,3.0,-1.0,0.0,0.7129039059655805,2.0,260.82142857142856,1.0
3079.511428571429,0.0,3079.511428571429,29.0,1.0,-1.0,0.0,0.6656070125525431,3.0,645.1071428571429,0.0
166.9182142857143,4202.201428571429,-4035.283214285714,61.0,1.0,1.0,-1.0413646840787172,0.9338096306421377,30.0,355.32142857142856,0.0
6752.244642857143,0.0,6752.244642857143,38.0,1.0,-1.0,0.0,2.9999999958e-06,0.0,714.2857142857143,0.0
5164.206428571429,0.0,5164.206428571429,33.0,1.0,-1.0,0.0,0.9425478274059065,3.0,246.32142857142858,0.0
28094.36785714286,494.6360714285714,27599.731785714288,28.0,2.0,2.0,0.01792177095237842,0.9035379765962546,12.0,141.21428571428572,0.0
2577.3292857142856,0.0,2577.3292857142856,86.0,1.0,1.0,0.0,0.9667184997362539,3.0,306.2142857142857,0.0
143.31678571428571,0.0,143.31678571428571,44.0,1.0,-1.0,0.0,1.1283938023094897,11.0,36.464285714285715,0.0
116.33142857142857,0.0,116.33142857142857,90.0,1.0,-1.0,0.0,0.07325575384708029,17.0,170.39285714285714,1.0
9201.7475,382.2635714285714,8819.483928571428,45.0,2.0,2.0,0.043343077041827216,0.6175321935179067,26.0,1011.3167857142856,0.0
18.089285714285715,0.0,18.089285714285715,56.0,1.0,-1.0,0.0,0.9037466283406322,10.0,825.2857142857143,1.0
199.51107142857146,0.0,199.51107142857146,38.0,1.0,-1.0,0.0,1.1064317617353892,1.0,0.0,0.0
16456.496785714284,0.0,16456.496785714284,65.0,4.0,-1.0,0.0,1.2331434242467554,0.0,143.25,0.0
2278.614642857143,0.0,2278.614642857143,24.0,2.0,-1.0,0.0,7895714.285714286,0.0,0.0,0.0
602.6167857142857,0.0,602.6167857142857,50.0,1.0,-1.0,0.0,0.5603989157695748,16.0,107.14285714285714,0.0
1421.060714285714,0.0,1421.060714285714,27.0,1.0,-1.0,0.0,1.5837541254712688,5.0,53.57142857142857,0.0
538.6903571428571,0.0,538.6903571428571,51.0,1.0,-1.0,0.0,1.2780518334808406,1.0,793.6428571428571,0.0
12519.4,0.0,12519.4,42.0,1.0,-1.0,0.0,6.702384181541437e-05,2.0,35.714285714285715,1.0
790.4014285714286,0.0,790.4014285714286,61.0,2.0,1.0,0.0,0.620302483796338,4.0,375.92857142857144,0.0
1181.3639285714287,0.0,1181.3639285714287,50.0,1.0,1.0,0.0,0.8258560075813386,0.0,414.32142857142856,1.0
740.4503571428571,0.0,740.4503571428571,39.0,1.0,-1.0,0.0,1.0652524536502719,17.0,1278.5714285714287,0.0
7410.411071428572,0.0,7410.411071428572,42.0,1.0,-1.0,0.0,0.951909979834471,0.0,0.0,1.0
504.9710714285714,0.0,504.9710714285714,63.0,4.0,1.0,0.0,0.5948207416494949,0.0,554.8403571428572,0.0
0.0,2933.3135714285713,-2933.3135714285713,26.0,2.0,1.0,-1.0000000003409113,1.1317069785228506,3.0,221.5,0.0
958.0035714285714,336.21,621.7935714285713,22.0,1.0,1.0,0.5407099959024136,0.9974443524480706,6.0,199.5,0.0
12992.510714285714,0.0,12992.510714285714,77.0,1.0,-1.0,0.0,1.1036342532941443,0.0,320.2142857142857,0.0
2941.9939285714286,0.0,2941.9939285714286,31.0,1.0,-1.0,0.0,0.6242611594523234,4.0,0.0,0.0
9838.246428571429,0.0,9838.246428571429,20.0,2.0,1.0,0.0,1.3083496036199014,4.0,689.8182142857142,1.0
3712.9117857142855,4773.7185714285715,-1060.806785714286,37.0,2.0,2.0,-4.5000829936380065,1.0377970632523725,0.0,83.53571428571429,1.0
491.3907142857143,0.0,491.3907142857143,23.0,1.0,-1.0,0.0,0.0076363597487623105,0.0,0.0,0.0
514.0550000000001,0.0,514.0550000000001,37.0,1.0,-1.0,0.0,0.0,0.0,0.0,0.0
11647.414642857144,0.0,11647.414642857144,35.0,2.0,-1.0,0.0,1.092340749834849,4.0,924.3214285714286,0.0
165.95000000000002,0.0,165.95000000000002,47.0,1.0,-1.0,0.0,1.3650388886263158,13.0,666.6899999999999,1.0
15.485,0.0,15.485,41.0,3.0,-1.0,0.0,0.39747112133431645,2.0,2310.285714285714,0.0
39.791785714285716,0.0,39.791785714285716,66.0,1.0,-1.0,0.0,0.0038097910727508105,0.0,0.0,0.0
13915.925357142856,1764.5892857142858,12151.33607142857,28.0,1.0,2.0,0.14521771722849028,3.681663774626219,0.0,0.0,0.0
3237.4575,1.4285714285714286,3236.0289285714284,21.0,4.0,1.0,0.000441458175950431,1.9025885065629116,24.0,523.1324999999999,1.0
3812.3167857142857,0.0,3812.3167857142857,51.0,1.0,-1.0,0.0,2.0221422967084473,1.0,2519.3928571428573,0.0
14074.628571428573,0.0,14074.628571428573,23.0,2.0,1.0,0.0,1.4356898152282325,28.0,0.0,0.0
616.2014285714286,0.0,616.2014285714286,63.0,1.0,-1.0,0.0,0.393494251456175,4.0,3734.8571428571427,0.0
17.917142857142856,0.0,17.917142857142856,58.0,1.0,-1.0,0.0,3.264448361352298,5.0,0.0,0.0
84.30357142857143,0.0,84.30357142857143,76.0,1.0,-1.0,0.0,0.9680915656058763,8.0,470.7142857142857,0.0
9180.192142857142,0.0,9180.192142857142,39.0,2.0,-1.0,0.0,0.9890637023530231,4.0,75.21428571428571,0.0
2962.5217857142857,315.01214285714286,2647.509642857143,40.0,1.0,2.0,0.11898432309323087,1.0680927710900807,1.0,689.5357142857143,1.0
17862.919285714284,335.5207142857143,17527.39857142857,65.0,1.0,1.0,0.01914264189858182,1.4796821476389936,6.0,186.0,0.0
44190.39642857143,0.0,44190.39642857143,33.0,3.0,1.0,0.0,1.0344187651391334,7.0,57.142857142857146,0.0
244.81642857142856,0.0,244.81642857142856,47.0,1.0,-1.0,0.0,0.011485574781714301,2.0,2142.8571428571427,0.0
722.6717857142858,0.0,722.6717857142858,31.0,2.0,1.0,0.0,0.9912888982669841,0.0,13195.82142857143,1.0
980.1721428571428,0.0,980.1721428571428,51.0,1.0,1.0,0.0,1.0112152370702576,2.0,39.285714285714285,0.0
40.69714285714286,639.8746428571429,-599.1775000000001,26.0,3.0,1.0,-1.0679216825148883,0.514694389133559,0.0,0.0,0.0
1725.3710714285714,0.0,1725.3710714285714,24.0,1.0,-1.0,0.0,3.794593952378288,0.0,137.78571428571428,0.0
603.4128571428572,93.60357142857143,509.8092857142858,52.0,1.0,1.0,0.18360507324581163,1.3610859760360932,0.0,578.3928571428571,0.0
1923.8971428571429,0.0,1923.8971428571429,66.0,2.0,-1.0,0.0,0.011525959078371839,4.0,822.1071428571429,1.0
24326.445,0.0,24326.445,52.0,1.0,-1.0,0.0,1.048777686039352,9.0,467.32142857142856,1.0
73.56642857142857,0.0,73.56642857142857,35.0,1.0,1.0,0.0,1.236217563810999,7.0,161.42857142857142,0.0
253.21214285714285,0.0,253.21214285714285,43.0,1.0,-1.0,0.0,1.1054688873186793,6.0,0.0,1.0
0.012857142857142857,0.0,0.012857142857142857,50.0,1.0,1.0,0.0,1.1129049330462584,14.0,497.14285714285717,0.0
12.612857142857143,0.0,12.612857142857143,22.0,1.0,-1.0,0.0,0.0,0.0,0.0,0.0
0.040357142857142855,0.0,0.040357142857142855,57.0,1.0,-1.0,0.0,2.677506395026814,8.0,174.28571428571428,1.0
155.63464285714286,0.0,155.63464285714286,66.0,1.0,-1.0,0.0,1.0666218999294386,3.0,554.0714285714286,0.0
11295.457142857142,0.0,11295.457142857142,64.0,3.0,-1.0,0.0,0.9999802070014426,8.0,651.6260714285714,0.0
2926.4828571428575,2766.1407142857142,160.34214285714324,40.0,1.0,3.0,17.251488895833937,0.8570622678235608,23.0,1422.9171428571428,0.0
8006.814642857144,43.32142857142857,7963.493214285715,63.0,2.0,2.0,0.005440003199635335,0.9089145758277228,26.0,2029.25,0.0
435.1732142857143,0.0,435.1732142857143,39.0,1.0,-1.0,0.0,1.4495090244967261,29.0,89.82142857142857,0.0
3547.1307142857145,0.0,3547.1307142857145,62.0,1.0,-1.0,0.0,3.552420336911843,2.0,0.0,0.0
454.69607142857143,93.72678571428571,360.9692857142857,63.0,2.0,1.0,0.2596530762144102,1.0305259644322842,6.0,338.92857142857144,1.0
325.3625,0.0,325.3625,70.0,1.0,-1.0,0.0,2.276689266108902,4.0,132.14285714285714,0.0
24210.10607142857,0.0,24210.10607142857,24.0,2.0,-1.0,0.0,0.9238922636715223,39.0,467.35714285714283,0.0
7733.049285714286,0.0,7733.049285714286,57.0,1.0,-1.0,0.0,1.9085668430210985,0.0,0.0,0.0
505.8885714285714,0.0,505.8885714285714,54.0,3.0,-1.0,0.0,0.9848279987161316,18.0,905.8214285714286,0.0
15106.0975,1113.3182142857142,13992.779285714285,34.0,1.0,1.0,0.07956376581618604,1.234488127895757,11.0,363.7142857142857,0.0
215.6042857142857,1.8928571428571428,213.71142857142857,69.0,2.0,1.0,0.008857070240244192,0.5172746709290534,20.0,677.4642857142857,0.0
91.28321428571428,0.0,91.28321428571428,70.0,1.0,1.0,0.0,1.1427003538718747,8.0,672.1785714285714,1.0
7574.517142857143,0.0,7574.517142857143,65.0,4.0,-1.0,0.0,1.2835795327018398,0.0,1297.24,0.0
150.81964285714284,0.0,150.81964285714284,42.0,1.0,-1.0,0.0,1071.4285714285716,0.0,0.0,0.0
50.72035714285715,0.0,50.72035714285715,60.0,1.0,-1.0,0.0,1.110285716019529,6.0,3205.535714285714,0.0
14998.111071428571,0.0,14998.111071428571,27.0,1.0,1.0,0.0,0.9607543484055482,18.0,1080.2275,0.0
33954.502857142856,0.0,33954.502857142856,21.0,1.0,1.0,0.0,0.5827494145480938,3.0,355.6892857142857,1.0
563.9025,4408.759642857142,-3844.857142857142,22.0,3.0,2.0,-1.1466640970508526,0.9107327070798871,6.0,629.2857142857143,0.0
651.4214285714286,0.0,651.4214285714286,32.0,2.0,-1.0,0.0,0.7683170207003011,0.0,11.25,1.0
11238.1775,118.44964285714286,11119.727857142858,23.0,1.0,1.0,0.010652206993573448,0.9474050451473681,0.0,65.42857142857143,0.0
9411.8,0.0,9411.8,39.0,3.0,-1.0,0.0,0.0038419999892424,0.0,357.14285714285717,1.0
4.249642857142857,0.0,4.249642857142857,23.0,1.0,-1.0,0.0,0.6425561171534998,12.0,725.2857142857143,0.0
8381.030714285715,0.0,8381.030714285715,40.0,4.0,-1.0,0.0,1.1262196280913992,7.0,293.42857142857144,0.0
2228.3939285714287,0.0,2228.3939285714287,67.0,1.0,-1.0,0.0,1.7236699672678848,2.0,0.0,0.0
1257.3753571428572,30.06607142857143,1227.3092857142858,29.0,1.0,1.0,0.024497550661466416,0.9991051880982154,0.0,292.85714285714283,0.0
0.5932142857142857,0.0,0.5932142857142857,55.0,1.0,-1.0,0.0,1031.652844548814,0.0,0.0,1.0
2869.156071428571,0.0,2869.156071428571,64.0,1.0,-1.0,0.0,0.002181817071074946,0.0,0.0,0.0
64791.701428571425,352.37392857142856,64439.3275,76.0,2.0,1.0,0.005468305493504107,0.7737013442820694,10.0,12.678571428571429,1.0
4846.536428571429,260.86357142857145,4585.6728571428575,39.0,2.0,1.0,0.056886650988491584,0.7702141703077307,11.0,931.1785714285714,1.0
39664.086071428566,0.0,39664.086071428566,38.0,2.0,-1.0,0.0,1.062448879558906,1.0,721.6785714285714,1.0
49585.301785714284,0.0,49585.301785714284,23.0,1.0,-1.0,0.0,0.7710852197789214,31.0,0.0,1.0
19.86285714285714,611.7210714285713,-591.8582142857142,39.0,1.0,2.0,-1.0335601630542357,0.9631036443564415,36.0,386.7142857142857,1.0
758.8221428571429,0.0,758.8221428571429,51.0,1.0,-1.0,0.0,0.8499280712646092,0.0,0.0,0.0
47.82821428571429,0.0,47.82821428571429,65.0,1.0,-1.0,0.0,1.2768126499970598,6.0,185.71428571428572,0.0
123.98214285714286,2953.8125,-2829.8303571428573,20.0,1.0,1.0,-1.0438125711627937,1.7086634040274897,0.0,0.0,0.0
247.32142857142858,1019.0024999999999,-771.6810714285714,76.0,1.0,1.0,-1.3204969501637156,0.039841937806762005,26.0,0.0,0.0
364.61642857142857,0.0,364.61642857142857,47.0,1.0,-1.0,0.0,1.109775598822229,10.0,527.4285714285714,0.0
144.87142857142857,0.0,144.87142857142857,38.0,1.0,-1.0,0.0,10.015838372688691,5.0,0.0,0.0
428.81964285714287,0.0,428.81964285714287,23.0,1.0,1.0,0.0,0.9908521218681172,8.0,160.67857142857142,0.0
2782.150357142857,0.0,2782.150357142857,39.0,4.0,-1.0,0.0,0.7321351713114467,0.0,35.714285714285715,1.0
8507.215357142857,1192.555,7314.660357142857,27.0,2.0,2.0,0.16303627805116322,1.297897929089023,5.0,325.20714285714286,1.0
27992.7275,0.0,27992.7275,52.0,2.0,-1.0,0.0,9748214.285714285,0.0,0.0,0.0
853.342857142857,11462.720357142856,-10609.377499999999,72.0,1.0,2.0,-1.0804328866819275,0.8346150280895541,0.0,17.857142857142858,0.0
5833.89,0.0,5833.89,69.0,2.0,1.0,0.0,0.9661680321508954,0.0,143.3217857142857,0.0
2221.302857142857,0.0,2221.302857142857,73.0,1.0,-1.0,0.0,1.7151201322076892,7.0,360.57142857142856,0.0
1737.6000000000001,0.0,1737.6000000000001,29.0,3.0,-1.0,0.0,791052142.8571428,0.0,0.0,0.0
37.470000000000006,0.0,37.470000000000006,38.0,1.0,-1.0,0.0,0.6469305335641412,24.0,464.85714285714283,0.0
35610.20071428571,0.0,35610.20071428571,56.0,3.0,1.0,0.0,0.590146503321406,0.0,235.44642857142858,1.0
2.623214285714286,0.0,2.623214285714286,18.0,1.0,-1.0,0.0,5.4218523691801426e-05,0.0,23.26535714285714,0.0
0.0,6223.083571428572,-6223.083571428572,24.0,2.0,2.0,-1.0000000001606921,1.1831432569369922,27.0,931.2903571428571,1.0
252.79571428571427,0.0,252.79571428571427,40.0,1.0,-1.0,0.0,0.5807422382248113,0.0,10.703571428571427,0.0
2311.7882142857143,0.0,2311.7882142857143,51.0,2.0,-1.0,0.0,0.5860122297904792,2.0,2444.4285714285716,0.0
6.307857142857143,0.0,6.307857142857143,34.0,1.0,-1.0,0.0,0.9440196306178515,3.0,0.0,0.0
133.43107142857144,0.0,133.43107142857144,68.0,1.0,-1.0,0.0,3.027662997405128,0.0,64.60714285714286,1.0
55383.79785714286,0.0,55383.79785714286,21.0,1.0,-1.0,0.0,0.9999999720000009,0.0,35.714285714285715,1.0
44412.89071428571,0.0,44412.89071428571,23.0,3.0,-1.0,0.0,1.3207266003573672,0.0,0.0,1.0
13565.674285714287,0.0,13565.674285714287,32.0,2.0,-1.0,0.0,3928.571428571429,0.0,0.0,0.0
5.257142857142857,536.6857142857143,-531.4285714285714,40.0,1.0,1.0,-1.009892475018615,1.4673742829270426,23.0,273.2285714285714,0.0
56424.729999999996,0.0,56424.729999999996,31.0,2.0,-1.0,0.0,0.04493443029134812,14.0,20.25,1.0
25690.551785714288,0.0,25690.551785714288,67.0,3.0,-1.0,0.0,1.3664556767726594,0.0,193.67857142857142,1.0
3265.957857142857,0.0,3265.957857142857,52.0,2.0,-1.0,0.0,1.2982628124512248,0.0,106.78571428571429,1.0
1463.9989285714287,0.0,1463.9989285714287,64.0,1.0,-1.0,0.0,1.927305765774799,16.0,388.39214285714286,0.0
443.8607142857143,0.0,443.8607142857143,67.0,1.0,-1.0,0.0,1.131552643231465,0.0,10.464285714285714,0.0
11533.966428571428,0.0,11533.966428571428,32.0,3.0,1.0,0.0,1.006442172019246,0.0,494.71857142857147,1.0
8894.718214285715,0.0,8894.718214285715,50.0,1.0,-1.0,0.0,0.05378403742016719,0.0,0.0,0.0
0.0,3389.2071428571426,-3389.2071428571426,28.0,1.0,3.0,-1.0000000002950542,0.8336226132454412,1.0,978.3257142857143,0.0
273.32785714285717,0.0,273.32785714285717,35.0,1.0,-1.0,0.0,1.0649045160440904,11.0,125.0,0.0
24507.28607142857,0.0,24507.28607142857,76.0,5.0,-1.0,0.0,0.6800872523234273,22.0,329.14285714285717,0.0
7860.6164285714285,0.0,7860.6164285714285,24.0,4.0,-1.0,0.0,7.286541745033293,0.0,0.0,1.0
323.1082142857143,0.0,323.1082142857143,67.0,1.0,-1.0,0.0,2.384984182160246,2.0,126.78571428571429,0.0
753.5307142857143,0.0,753.5307142857143,27.0,1.0,-1.0,0.0,0.9505996851586797,0.0,703.9285714285714,0.0
9137.487857142858,0.0,9137.487857142858,25.0,1.0,-1.0,0.0,0.7872599608544284,7.0,944.2864285714286,0.0
0.00035714285714285714,0.0,0.00035714285714285714,26.0,1.0,1.0,0.0,1.4784113155518563,8.0,320.60714285714283,0.0
83.72214285714286,0.0,83.72214285714286,41.0,1.0,-1.0,0.0,0.446614688073549,17.0,0.0,0.0
1877.0682142857145,0.0,1877.0682142857145,49.0,1.0,-1.0,0.0,0.3523735236099871,1.0,0.0,0.0
6772.471428571429,0.0,6772.471428571429,36.0,1.0,-1.0,0.0,1.0113847815201213,0.0,0.0,0.0
3702.84,339.58964285714285,3363.2503571428574,80.0,1.0,1.0,0.10097067024313343,1.0106574586353032,3.0,387.17857142857144,0.0
0.0,0.0,0.0,47.0,1.0,-1.0,0.0,0.0004895782774075658,0.0,72.14285714285714,0.0
0.0,0.0,0.0,61.0,2.0,-1.0,0.0,0.4706858788439148,20.0,258.60714285714283,1.0
9165.92,702.9003571428572,8463.019642857143,29.0,1.0,1.0,0.08305550343996368,1.707560413520703,0.0,151.9792857142857,0.0
38.30357142857143,0.0,38.30357142857143,32.0,1.0,1.0,0.0,0.867751403603795,0.0,434.57142857142856,1.0
893.9132142857143,0.0,893.9132142857143,36.0,1.0,-1.0,0.0,0.7777434067519572,6.0,728.3571428571429,0.0
1041.2992857142858,0.0,1041.2992857142858,43.0,1.0,-1.0,0.0,0.7387470090364292,0.0,499.9642857142857,0.0
1780.7525,1670.2807142857143,110.47178571428572,54.0,1.0,1.0,15.119522947570117,1.580577398697773,0.0,361.00821428571425,0.0
11017.291428571429,1568.8796428571427,9448.411785714286,40.0,3.0,1.0,0.166046916484228,0.6254157619315578,19.0,881.6071428571429,0.0
9719.174642857142,0.0,9719.174642857142,32.0,4.0,-1.0,0.0,560127857.1428572,0.0,0.0,1.0
3250.753928571429,0.0,3250.753928571429,33.0,3.0,1.0,0.0,0.9990040452924343,5.0,1137.3014285714285,0.0
4428.725714285714,0.0,4428.725714285714,75.0,1.0,1.0,0.0,1.0005085130329294,4.0,481.3721428571429,1.0
7.142857142857143,0.0,7.142857142857143,70.0,1.0,-1.0,0.0,3.8568952904664777,8.0,360.42857142857144,0.0
14476.825714285715,1786.500357142857,12690.325357142858,54.0,2.0,2.0,0.1407765606258892,0.4611777865514372,26.0,2076.785714285714,0.0
25580.7725,0.0,25580.7725,41.0,4.0,-1.0,0.0,0.8909773190119619,5.0,181.57142857142858,0.0
1395.6828571428573,113.845,1281.8378571428573,64.0,4.0,1.0,0.08881388490502228,0.837187927312199,8.0,179.92857142857142,0.0
472.36607142857144,0.0,472.36607142857144,66.0,1.0,-1.0,0.0,1.2490162471040633,6.0,0.0,1.0
856.2492857142857,0.0,856.2492857142857,69.0,1.0,-1.0,0.0,0.9648140918532027,2.0,142.85714285714286,0.0
0.0,0.0,0.0,39.0,1.0,-1.0,0.0,1.7630035058260767,16.0,357.7857142857143,0.0
2373.6896428571426,0.0,2373.6896428571426,27.0,1.0,-1.0,0.0,0.9800356347741443,0.0,2357.307857142857,0.0
0.0,3420.845357142857,-3420.845357142857,73.0,1.0,1.0,-1.0000000002923253,1.2883468454699092,8.0,157.10714285714286,0.0
70.70714285714286,888.4632142857143,-817.7560714285714,61.0,2.0,2.0,-1.0864648351923412,1.3499946743739812,6.0,286.67857142857144,0.0
9027.308928571429,0.0,9027.308928571429,56.0,2.0,-1.0,0.0,0.8738473957667167,0.0,138.57142857142858,0.0
616.5546428571429,0.0,616.5546428571429,50.0,2.0,-1.0,0.0,0.938134602490144,0.0,339.6875,0.0
3574.404642857143,0.0,3574.404642857143,28.0,1.0,1.0,0.0,1.0845812491127242,60.0,13419.370357142858,0.0
90.45321428571428,0.0,90.45321428571428,33.0,1.0,1.0,0.0,714.2857142857143,0.0,0.0,1.0
3360.793571428572,873.1553571428572,2487.6382142857146,60.0,4.0,2.0,0.35099772618767716,0.39115813191848264,1.0,116.85714285714286,1.0
197.46,586.1757142857142,-388.71571428571417,56.0,1.0,1.0,-1.5079804964170893,1.0182418696258722,0.0,195.25,0.0
21591.900714285715,0.0,21591.900714285715,87.0,4.0,-1.0,0.0,18.755658619287857,2.0,0.0,0.0
31.175,0.0,31.175,38.0,1.0,-1.0,0.0,1.3928425618632616,23.0,0.0,0.0
36208.85071428571,0.0,36208.85071428571,51.0,3.0,-1.0,0.0,5.050199858594404,0.0,35.714285714285715,0.0
53.04857142857143,0.0,53.04857142857143,48.0,1.0,-1.0,0.0,1.110495759418021,1.0,269.7142857142857,0.0
165.2125,1076.430357142857,-911.217857142857,41.0,1.0,1.0,-1.1813095517018695,0.8355318023219983,0.0,110.75,1.0
49907.250714285714,212.11535714285714,49695.135357142855,72.0,3.0,1.0,0.004268332415520843,1.1900559155117034,2.0,2176.214285714286,1.0
3248.6817857142855,0.0,3248.6817857142855,42.0,1.0,-1.0,0.0,1.0004365491425882,0.0,1086.607142857143,0.0
91.43357142857143,0.0,91.43357142857143,25.0,1.0,-1.0,0.0,1.7290373888462112,2.0,285.7142857142857,0.0
24.782857142857143,17.178571428571427,7.604285714285716,39.0,1.0,2.0,2.2590641402696034,0.37209629563361935,0.0,274.08785714285716,0.0
1032.9950000000001,0.0,1032.9950000000001,23.0,1.0,-1.0,0.0,0.0,0.0,0.0,0.0
2331.3367857142857,0.0,2331.3367857142857,31.0,2.0,1.0,0.0,1.2968524181184062,2.0,399.60714285714283,0.0
883.8357142857143,0.0,883.8357142857143,35.0,2.0,-1.0,0.0,1.5235753082330248,5.0,1265.5714285714287,0.0
38.074999999999996,0.0,38.074999999999996,37.0,1.0,-1.0,0.0,0.8947706669231306,1.0,221.20035714285714,0.0
33009.24964285714,0.0,33009.24964285714,38.0,4.0,-1.0,0.0,1.099810119621455,0.0,143.71428571428572,1.0
142.85714285714286,2.357142857142857,140.5,28.0,2.0,1.0,0.016776817369153308,1.1247829381392611,8.0,486.42857142857144,0.0
1009.0710714285715,2.357142857142857,1006.7139285714286,70.0,1.0,1.0,0.0023414227099711675,0.7120955521840904,1.0,460.35714285714283,0.0
224.2932142857143,0.0,224.2932142857143,29.0,1.0,-1.0,0.0,0.3215820275671721,13.0,160.71428571428572,0.0
2238.2760714285714,0.0,2238.2760714285714,35.0,2.0,-1.0,0.0,1.003245399971909,0.0,35714.28571428572,1.0
54.730714285714285,1.4285714285714286,53.302142857142854,76.0,4.0,2.0,0.02680138780909448,0.8537967651958958,7.0,25.0,0.0
7608.324285714286,0.7142857142857143,7607.610000000001,56.0,2.0,1.0,9.389094790503499e-05,217.0222320562917,0.0,0.7142857142857143,0.0
8760.059642857143,0.0,8760.059642857143,60.0,2.0,-1.0,0.0,0.0036218306446577793,0.0,0.0,1.0
151.2867857142857,0.0,151.2867857142857,48.0,1.0,-1.0,0.0,714.2857142857143,0.0,0.0,0.0
676.7689285714285,0.6946428571428571,676.0742857142857,33.0,1.0,2.0,0.001027465281247146,0.882214927357042,27.0,177.96428571428572,0.0
59067.94928571428,0.0,59067.94928571428,34.0,2.0,-1.0,0.0,0.8691598110806088,1.0,8477.5,1.0
1771.4667857142856,0.0,1771.4667857142856,50.0,1.0,-1.0,0.0,1.0139519266545534,4.0,183.39285714285714,0.0
9641.124642857143,0.0,9641.124642857143,46.0,1.0,-1.0,0.0,0.49680033901218684,4.0,204.89285714285714,1.0
393.3885714285714,0.0,393.3885714285714,19.0,1.0,1.0,0.0,1.2425020002379408,2.0,17.857142857142858,0.0
18.709642857142857,0.0,18.709642857142857,60.0,1.0,1.0,0.0,1.1248646395578394,0.0,476.25,0.0
55.55464285714286,0.0,55.55464285714286,77.0,2.0,-1.0,0.0,1.0258375031657172,0.0,0.0,0.0
347.0753571428572,0.0,347.0753571428572,42.0,2.0,-1.0,0.0,0.7129239051291978,5.0,139.28571428571428,0.0
3522.7428571428572,0.0,3522.7428571428572,62.0,3.0,-1.0,0.0,213.29023990859048,0.0,0.0,0.0
127.68142857142857,0.0,127.68142857142857,24.0,1.0,1.0,0.0,0.2182926373325541,6.0,2905.035714285714,0.0
45.097857142857144,531.6296428571428,-486.53178571428566,29.0,1.0,1.0,-1.0926925219682013,0.9685694159245939,14.0,83.92857142857143,0.0
822.2410714285714,0.0,822.2410714285714,37.0,1.0,1.0,0.0,0.865915855560207,6.0,257.14285714285717,0.0
5.519285714285714,0.0,5.519285714285714,39.0,1.0,-1.0,0.0,357.14285714285717,0.0,0.0,0.0
24.214285714285715,0.0,24.214285714285715,40.0,1.0,-1.0,0.0,1.3232111155568855,4.0,125.85714285714286,1.0
0.0,0.0,0.0,70.0,1.0,-1.0,0.0,0.8231230514266755,0.0,0.0,0.0
23635.8,0.0,23635.8,39.0,1.0,-1.0,0.0,0.00013333328355557414,0.0,0.0,1.0
7598.407499999999,1.7857142857142858,7596.621785714285,48.0,3.0,1.0,0.00023506689366019478,1.8723750546275517,25.0,418.92857142857144,0.0
2090.6800000000003,274.74285714285713,1815.937142857143,69.0,2.0,2.0,0.1512953562694848,1.722407683141228,18.0,806.0357142857143,1.0
478.5435714285714,0.0,478.5435714285714,30.0,1.0,-1.0,0.0,0.007990402567667922,0.0,0.0,0.0
5204.289642857142,0.0,5204.289642857142,25.0,1.0,-1.0,0.0,1.2786693036267345,15.0,155.16071428571428,0.0
2155.6600000000003,1031.077142857143,1124.5828571428574,66.0,1.0,1.0,0.9168529783211079,0.996741633014101,0.0,376.8535714285714,0.0
6280.635,0.0,6280.635,66.0,1.0,-1.0,0.0,0.9871894943348042,0.0,0.0,0.0
9020.925714285713,0.0,9020.925714285713,50.0,3.0,-1.0,0.0,1.438800744481189,10.0,787.2142857142857,0.0
5878.4232142857145,3534.5153571428573,2343.907857142857,31.0,2.0,2.0,1.5079583204876286,0.9822161924077552,0.0,271.14285714285717,0.0
5981.960714285714,0.0,5981.960714285714,45.0,2.0,-1.0,0.0,0.00010526312686981523,0.0,0.0,0.0
2.454285714285714,700.6164285714285,-698.1621428571428,51.0,2.0,2.0,-1.003515353479003,1.1272349930205607,0.0,107.03571428571429,0.0
0.0,0.0,0.0,39.0,1.0,-1.0,0.0,0.85442526978096,0.0,22554.678571428572,0.0
816.0564285714287,0.0,816.0564285714287,28.0,1.0,-1.0,0.0,178579285.71428573,0.0,0.0,0.0
2622.9874999999997,0.0,2622.9874999999997,50.0,1.0,-1.0,0.0,0.7370032080856578,59.0,17947.39285714286,0.0
71.61821428571429,0.0,71.61821428571429,70.0,3.0,-1.0,0.0,0.0,0.0,0.0,0.0
5431.045357142857,0.0,5431.045357142857,34.0,2.0,-1.0,0.0,1.3072412315217798,6.0,274.6953571428572,0.0
7238.13,0.0,7238.13,49.0,2.0,-1.0,0.0,274.8936782359457,0.0,0.0,0.0
7523.916785714286,0.0,7523.916785714286,44.0,2.0,1.0,0.0,0.9925914932082062,2.0,71.42857142857143,1.0
57233.817500000005,0.0,57233.817500000005,22.0,4.0,-1.0,0.0,1.9725776837706577,7.0,731.6785714285714,0.0
4380.475714285714,0.0,4380.475714285714,43.0,1.0,-1.0,0.0,714.2857142857143,0.0,0.0,0.0
79.14285714285714,0.0,79.14285714285714,63.0,2.0,-1.0,0.0,0.9687106067315567,7.0,230.96428571428572,0.0
22887.368928571428,744.8082142857144,22142.560714285715,38.0,1.0,1.0,0.03363695029958976,51935714.28571429,0.0,0.0,0.0
554.1657142857142,3730.0764285714286,-3175.910714285714,63.0,1.0,2.0,-1.1744903321644042,1.087196325087163,10.0,232.28571428571428,0.0
170.59321428571428,6250.0,-6079.406785714285,63.0,1.0,2.0,-1.0280608324671816,1.3719148113510056,0.0,14.285714285714286,0.0
676.0085714285715,0.0,676.0085714285715,46.0,1.0,-1.0,0.0,1.0676605295237591,12.0,353.0,0.0
